"step","ic","accepted","best_ic","delta_ic","status","candidate_node","regime_id","error"
0,-335266.289180069,,-335266.289180069,,"baseline",,"0",
1,-340465.554421372,TRUE,-340465.554421372,5199.2652413029,"accepted",107,"1",
2,-340113.967976766,FALSE,-340465.554421372,-351.586444606539,"rejected",109,"2",
3,-340592.920396662,TRUE,-340592.920396662,127.365975289897,"accepted",113,"3",
4,-340607.71548939,FALSE,-340592.920396662,14.7950927272905,"rejected",114,"4",
5,-340738.912179136,TRUE,-340738.912179136,145.991782473866,"accepted",115,"5",
6,-340904.118615309,TRUE,-340904.118615309,165.206436172943,"accepted",94,"6",
7,-341585.454674412,TRUE,-341585.454674412,681.33605910273,"accepted",128,"7",
8,-341620.880565452,TRUE,-341620.880565452,35.4258910402423,"accepted",129,"8",
9,-341582.722387919,FALSE,-341620.880565452,-38.1581775333616,"rejected",130,"9",
10,-341582.172071758,FALSE,-341620.880565452,-38.7084936937317,"rejected",131,"10",
11,-341585.250486774,FALSE,-341620.880565452,-35.6300786776701,"rejected",139,"11",
12,-341585.478870486,FALSE,-341620.880565452,-35.4016949664801,"rejected",140,"12",
13,-341596.593709907,FALSE,-341620.880565452,-24.2868555447203,"rejected",141,"13",
14,-341704.422735757,TRUE,-341704.422735757,83.5421703053289,"accepted",158,"14",
15,-341691.893459414,FALSE,-341704.422735757,-12.5292763429461,"rejected",159,"15",
16,-341727.15962534,TRUE,-341727.15962534,22.7368895830587,"accepted",157,"16",
17,-341755.914914193,TRUE,-341755.914914193,28.7552888521459,"accepted",98,"17",
18,-341749.537343715,FALSE,-341755.914914193,-6.37757047708146,"rejected",162,"18",
19,-341780.129618989,TRUE,-341780.129618989,24.2147047963808,"accepted",161,"19",
20,-341892.190413898,TRUE,-341892.190413898,112.060794908612,"accepted",92,"20",
21,-341933.063984573,TRUE,-341933.063984573,40.8735706750304,"accepted",89,"21",
22,-341866.045885331,FALSE,-341933.063984573,-67.0180992418318,"rejected",95,"22",
23,-341775.025613548,FALSE,-341933.063984573,-158.03837102477,"rejected",88,"23",
24,-342280.17193495,TRUE,-342280.17193495,347.107950377627,"accepted",93,"24",
25,-342309.605146346,TRUE,-342309.605146346,29.4332113962155,"accepted",96,"25",
26,-342384.819180455,TRUE,-342384.819180455,75.2140341083868,"accepted",97,"26",
27,-342488.419998834,TRUE,-342488.419998834,103.600818379433,"accepted",108,"27",
28,-342739.41635085,TRUE,-342739.41635085,250.996352016169,"accepted",116,"28",
