"edge","parent","child","depth_start","depth_end","interval_length","value","color_bin","rate_for_flagging","rate_flag","is_near_zero","is_high_outlier","rate_category","mean","median","sd","q025","q975","highest_density_interval_low","highest_density_interval_high","n","ci_width","highest_density_interval_width","cv","clade_key","descendant_tips","descendant_examples"
13,116,119,38.078728,40.289807,2.211079,-11.405847998585,7,1.11302047281254e-05,"regular",FALSE,FALSE,"-12 to -11",-11.405847998585,-11.3938244094994,0.0643115711878721,-11.5069866446229,-11.340622942686,-11.5170688898768,-11.3385040311166,6,0.166363701936914,0.178564858760204,0.00563847345641033,"Griphognathus_sculptaGriphognathus_whiteiHolodipterus_gogoensisHolodipterus_santacrucensisOrlovichthys_limnatisRhinodipterus_kimberleyensisRhinodipterus_ulrichiRhynchodipterus_elginensisRobinsondipterus_longi",28,"G; iphog; athus_sculptaG; iphog"
14,119,120,40.289807,43.020472,2.730665,-11.405847998585,7,1.11302047281254e-05,"regular",FALSE,FALSE,"-12 to -11",-11.405847998585,-11.3938244094994,0.0643115711878721,-11.5069866446229,-11.340622942686,-11.5170688898768,-11.3385040311166,6,0.166363701936914,0.178564858760204,0.00563847345641033,"Griphognathus_sculptaGriphognathus_whiteiHolodipterus_gogoensisHolodipterus_santacrucensisRhynchodipterus_elginensisRobinsondipterus_longi",19,"G; iphog; athus_sculptaG; iphog"
15,120,121,43.020472,46.034498,3.014026,-11.405847998585,7,1.11302047281254e-05,"regular",FALSE,FALSE,"-12 to -11",-11.405847998585,-11.3938244094994,0.0643115711878721,-11.5069866446229,-11.340622942686,-11.5170688898768,-11.3385040311166,6,0.166363701936914,0.178564858760204,0.00563847345641033,"Griphognathus_sculptaGriphognathus_whiteiRhynchodipterus_elginensisRobinsondipterus_longi",13,"G; iphog; athus_sculptaG; iphog"
16,121,122,46.034498,48.354749,2.320251,-11.405847998585,7,1.11302047281254e-05,"regular",FALSE,FALSE,"-12 to -11",-11.405847998585,-11.3938244094994,0.0643115711878721,-11.5069866446229,-11.340622942686,-11.5170688898768,-11.3385040311166,6,0.166363701936914,0.178564858760204,0.00563847345641033,"Griphognathus_sculptaGriphognathus_whiteiRhynchodipterus_elginensis",9,"G; iphog; athus_sculptaG; iphog"
17,122,123,48.354749,51.284924,2.930175,-11.405847998585,7,1.11302047281254e-05,"regular",FALSE,FALSE,"-12 to -11",-11.405847998585,-11.3938244094994,0.0643115711878714,-11.5069866446229,-11.340622942686,-11.5170688898768,-11.3385040311166,6,0.166363701936913,0.178564858760202,0.00563847345641027,"Griphognathus_sculptaGriphognathus_whitei",5,"G; iphog; athus_sculptaG; iphog"
18,123,25,51.284924,53.246109,1.961185,-11.405847998585,7,1.11302047281254e-05,"regular",FALSE,FALSE,"-12 to -11",-11.405847998585,-11.3938244094994,0.0643115711878721,-11.5069866446229,-11.340622942686,-11.5170688898768,-11.3385040311166,6,0.166363701936914,0.178564858760204,0.00563847345641033,"Griphognathus_sculpta",3,"G; iphog; athus_sculpta"
19,123,26,51.284924,53.227296,1.942372,-11.405847998585,7,1.11302047281254e-05,"regular",FALSE,FALSE,"-12 to -11",-11.405847998585,-11.3938244094994,0.0643115711878721,-11.5069866446229,-11.340622942686,-11.5170688898768,-11.3385040311166,6,0.166363701936914,0.178564858760204,0.00563847345641033,"Griphognathus_whitei",3,"G; iphog; athus_whitei"
20,122,27,48.354749,65.922329,17.56758,-11.405847998585,7,1.11302047281254e-05,"regular",FALSE,FALSE,"-12 to -11",-11.405847998585,-11.3938244094994,0.0643115711878721,-11.5069866446229,-11.340622942686,-11.5170688898768,-11.3385040311166,6,0.166363701936914,0.178564858760204,0.00563847345641033,"Rhynchodipterus_elginensis",5,"Rhy; chodipte; us_elgi; e"
21,121,28,46.034498,53.164176,7.129678,-11.405847998585,7,1.11302047281254e-05,"regular",FALSE,FALSE,"-12 to -11",-11.405847998585,-11.3938244094994,0.0643115711878721,-11.5069866446229,-11.340622942686,-11.5170688898768,-11.3385040311166,6,0.166363701936914,0.178564858760204,0.00563847345641033,"Robinsondipterus_longi",5,"Robi; so; dipte; us_lo"
23,124,29,48.828769,53.214554,4.385785,-11.405847998585,7,1.11302047281254e-05,"regular",FALSE,FALSE,"-12 to -11",-11.405847998585,-11.3938244094994,0.0643115711878721,-11.5069866446229,-11.340622942686,-11.5170688898768,-11.3385040311166,6,0.166363701936914,0.178564858760204,0.00563847345641033,"Holodipterus_gogoensis",3,"Holodipte; us_gogoe; sis"
24,124,30,48.828769,58.326853,9.498084,-11.405847998585,7,1.11302047281254e-05,"regular",FALSE,FALSE,"-12 to -11",-11.405847998585,-11.3938244094994,0.0643115711878721,-11.5069866446229,-11.340622942686,-11.5170688898768,-11.3385040311166,6,0.166363701936914,0.178564858760204,0.00563847345641033,"Holodipterus_santacrucensis",5,"Holodipte; us_sa; tac; uce"
25,119,125,40.289807,47.422328,7.132521,-11.405847998585,7,1.11302047281254e-05,"regular",FALSE,FALSE,"-12 to -11",-11.405847998585,-11.3938244094994,0.064311571187872,-11.5069866446229,-11.340622942686,-11.5170688898768,-11.3385040311166,6,0.166363701936914,0.178564858760204,0.00563847345641032,"Orlovichthys_limnatisRhinodipterus_kimberleyensisRhinodipterus_ulrichi",10,"O; lovichthys_lim; atisRhi; odipte"
26,125,126,47.422328,50.17617,2.753842,-11.405847998585,7,1.11302047281254e-05,"regular",FALSE,FALSE,"-12 to -11",-11.405847998585,-11.3938244094994,0.0643115711878721,-11.5069866446229,-11.340622942686,-11.5170688898768,-11.3385040311166,6,0.166363701936914,0.178564858760204,0.00563847345641033,"Rhinodipterus_kimberleyensisRhinodipterus_ulrichi",8,"Rhi; odipte; us_kimbe; leye"
27,126,32,50.17617,53.218723,3.042553,-11.405847998585,7,1.11302047281254e-05,"regular",FALSE,FALSE,"-12 to -11",-11.405847998585,-11.3938244094994,0.064311571187872,-11.5069866446229,-11.340622942686,-11.5170688898768,-11.3385040311166,6,0.166363701936913,0.178564858760204,0.00563847345641031,"Rhinodipterus_kimberleyensis",5,"Rhi; odipte; us_kimbe; leye"
28,126,33,50.17617,53.278225,3.102055,-11.405847998585,7,1.11302047281254e-05,"regular",FALSE,FALSE,"-12 to -11",-11.405847998585,-11.3938244094994,0.0643115711878722,-11.5069866446229,-11.340622942686,-11.5170688898768,-11.3385040311166,6,0.166363701936914,0.178564858760204,0.00563847345641033,"Rhinodipterus_ulrichi",4,"Rhi; odipte; us_ul; ichi"
29,125,31,47.422328,68.021018,20.59869,-11.405847998585,7,1.11302047281254e-05,"regular",FALSE,FALSE,"-12 to -11",-11.405847998585,-11.3938244094994,0.0643115711878721,-11.5069866446229,-11.340622942686,-11.5170688898768,-11.3385040311166,6,0.166363701936914,0.178564858760204,0.00563847345641033,"Orlovichthys_limnatis",3,"O; lovichthys_lim; atis"
30,116,117,38.078728,47.101573,9.022845,-11.405847998585,7,1.11302047281254e-05,"regular",FALSE,FALSE,"-12 to -11",-11.405847998585,-11.3938244094994,0.0643115711878721,-11.5069866446229,-11.340622942686,-11.5170688898768,-11.3385040311166,6,0.166363701936914,0.178564858760204,0.00563847345641033,"Chirodipterus_australisChirodipterus_wildungensisPillararhynchus_longi",12,"Chi; odipte; us_aust; alisChi"
31,117,118,47.101573,51.323031,4.221458,-11.405847998585,7,1.11302047281254e-05,"regular",FALSE,FALSE,"-12 to -11",-11.405847998585,-11.3938244094994,0.0643115711878721,-11.5069866446229,-11.340622942686,-11.5170688898768,-11.3385040311166,6,0.166363701936914,0.178564858760204,0.00563847345641033,"Chirodipterus_australisChirodipterus_wildungensis",8,"Chi; odipte; us_aust; alisChi"
32,118,22,51.323031,53.161653,1.838622,-11.405847998585,7,1.11302047281254e-05,"regular",FALSE,FALSE,"-12 to -11",-11.405847998585,-11.3938244094994,0.0643115711878721,-11.5069866446229,-11.340622942686,-11.5170688898768,-11.3385040311166,6,0.166363701936914,0.178564858760204,0.00563847345641033,"Chirodipterus_australis",4,"Chi; odipte; us_aust; alis"
34,117,24,47.101573,53.245221,6.143648,-11.405847998585,7,1.11302047281254e-05,"regular",FALSE,FALSE,"-12 to -11",-11.405847998585,-11.3938244094994,0.0643115711878714,-11.5069866446229,-11.340622942686,-11.5170688898768,-11.3385040311166,6,0.166363701936913,0.178564858760202,0.00563847345641027,"Pillararhynchus_longi",5,"Pilla; a; hy; chus_lo"
22,120,124,43.020472,48.828769,5.808297,-11.405847998585,7,1.11302047281254e-05,"regular",FALSE,FALSE,"-12 to -11",-11.405847998585,-11.3938244094994,0.064311571187872,-11.5069866446229,-11.340622942686,-11.5170688898768,-11.3385040311166,6,0.166363701936914,0.178564858760204,0.00563847345641032,"Holodipterus_gogoensisHolodipterus_santacrucensis",7,"Holodipte; us_gogoe; sisHolodipte; us_sa"
33,118,23,51.323031,58.603962,7.280931,-11.405847998585,7,1.11302047281254e-05,"regular",FALSE,FALSE,"-12 to -11",-11.405847998585,-11.3938244094994,0.0643115711878726,-11.5069866446229,-11.340622942686,-11.5170688898768,-11.3385040311166,6,0.166363701936914,0.178564858760204,0.00563847345641037,"Chirodipterus_wildungensis",5,"Chi; odipte; us_wildu; ge"
9,109,113,13.341202,21.721471,8.380269,-12.3544031738252,6,4.31073052080331e-06,"regular",FALSE,FALSE,"-13 to -12",-12.3544031738252,-12.3722875682446,0.13869886300492,-12.4875897539242,-12.1473932455581,-12.4901917191558,-12.1261449624103,6,0.340196508366162,0.364046756745481,0.011226674494384,"Chirodipterus_australisChirodipterus_wildungensisDipnorhynchus_cathlesaeDipnorhynchus_kurikaeDipterus_valenciennesiGriphognathus_sculptaGriphognathus_whiteiHolodipterus_gogoensisHolodipterus_santacrucensisIowadipterus_halliOrlovichthys_limnatisPillararhynchus_longiRhinodipterus_kimberleyensisRhinodipterus_ulrichiRhynchodipterus_elginensisRobinsondipterus_longi",50,"Chi; odipte; us_aust; alisChi"
40,109,110,13.341202,14.863276,1.522074,-12.3544031738252,6,4.31073052080331e-06,"regular",FALSE,FALSE,"-13 to -12",-12.3544031738252,-12.3722875682446,0.13869886300492,-12.4875897539242,-12.1473932455581,-12.4901917191558,-12.1261449624103,6,0.340196508366162,0.364046756745481,0.011226674494384,"Cathlorhynchus_trismodipterusDipnorhynchus_sussmilchiSpeonesydrion_ianiUranolophus_wyomingensis",16,"Cathlo; hy; chus_t; ismodipte"
41,110,111,14.863276,15.737112,0.873836000000001,-12.3544031738252,6,4.31073052080331e-06,"regular",FALSE,FALSE,"-13 to -12",-12.3544031738252,-12.3722875682446,0.13869886300492,-12.4875897539242,-12.1473932455581,-12.4901917191558,-12.1261449624103,6,0.340196508366162,0.364046756745481,0.011226674494384,"Cathlorhynchus_trismodipterusDipnorhynchus_sussmilchiUranolophus_wyomingensis",12,"Cathlo; hy; chus_t; ismodipte"
42,111,112,15.737112,16.941927,1.204815,-12.3544031738252,6,4.31073052080331e-06,"regular",FALSE,FALSE,"-13 to -12",-12.3544031738252,-12.3722875682446,0.13869886300492,-12.4875897539242,-12.1473932455581,-12.4901917191558,-12.1261449624103,6,0.340196508366162,0.364046756745481,0.011226674494384,"Dipnorhynchus_sussmilchiUranolophus_wyomingensis",8,"Dip; o; hy; chus_sussmilchiU"
43,112,19,16.941927,35.016587,18.07466,-12.3544031738252,6,4.31073052080331e-06,"regular",FALSE,FALSE,"-13 to -12",-12.3544031738252,-12.3722875682446,0.13869886300492,-12.4875897539242,-12.1473932455581,-12.4901917191558,-12.1261449624103,6,0.340196508366162,0.364046756745481,0.011226674494384,"Dipnorhynchus_sussmilchi",4,"Dip; o; hy; chus_sussmilchi"
44,112,20,16.941927,17.294936,0.353009,-12.3544031738252,6,4.31073052080331e-06,"regular",FALSE,FALSE,"-13 to -12",-12.3544031738252,-12.3722875682446,0.138698863004921,-12.4875897539242,-12.1473932455581,-12.4901917191558,-12.1261449624103,6,0.340196508366164,0.364046756745482,0.011226674494384,"Uranolophus_wyomingensis",5,"U; a; olophus_wyomi; ge"
45,111,18,15.737112,35.338582,19.60147,-12.3544031738252,6,4.31073052080331e-06,"regular",FALSE,FALSE,"-13 to -12",-12.3544031738252,-12.3722875682446,0.13869886300492,-12.4875897539242,-12.1473932455581,-12.4901917191558,-12.1261449624103,6,0.340196508366162,0.364046756745481,0.011226674494384,"Cathlorhynchus_trismodipterus",5,"Cathlo; hy; chus_t; ismodipte"
46,110,21,14.863276,25.105576,10.2423,-12.3544031738252,6,4.31073052080331e-06,"regular",FALSE,FALSE,"-13 to -12",-12.3544031738252,-12.3722875682446,0.13869886300492,-12.4875897539242,-12.1473932455581,-12.4901917191558,-12.1261449624103,6,0.340196508366162,0.364046756745481,0.011226674494384,"Speonesydrion_iani",5,"Speo; esyd; io; _ia"
47,108,38,12.000537,16.971374,4.970837,-12.3544031738252,6,4.31073052080331e-06,"regular",FALSE,FALSE,"-13 to -12",-12.3544031738252,-12.3722875682446,0.13869886300492,-12.4875897539242,-12.1473932455581,-12.4901917191558,-12.1261449624103,6,0.340196508366162,0.364046756745481,0.011226674494384,"Diabolepis_speratus",2,"Diabolepis_spe; atus"
8,108,109,12.000537,13.341202,1.340665,-12.3544031738253,6,4.3107305208033e-06,"regular",FALSE,FALSE,"-13 to -12",-12.3544031738253,-12.3722875682447,0.13869886300492,-12.4875897539242,-12.1473932455581,-12.4901917191558,-12.1261449624103,6,0.340196508366162,0.364046756745481,0.011226674494384,"Cathlorhynchus_trismodipterusChirodipterus_australisChirodipterus_wildungensisDipnorhynchus_cathlesaeDipnorhynchus_kurikaeDipnorhynchus_sussmilchiDipterus_valenciennesiGriphognathus_sculptaGriphognathus_whiteiHolodipterus_gogoensisHolodipterus_santacrucensisIowadipterus_halliOrlovichthys_limnatisPillararhynchus_longiRhinodipterus_kimberleyensisRhinodipterus_ulrichiRhynchodipterus_elginensisRobinsondipterus_longiSpeonesydrion_ianiUranolophus_wyomingensis",65,"Cathlo; hy; chus_t; ismodipte"
10,113,114,21.721471,30.372706,8.651235,-12.3569143308728,6,4.2999191796449e-06,"regular",FALSE,FALSE,"-13 to -12",-12.3569143308728,-12.3616192803016,0.059565132535468,-12.4344920328314,-12.2848510302351,-12.4408526287116,-12.2818968846047,6,0.149641002596296,0.158955744106848,0.00482038888840145,"Chirodipterus_australisChirodipterus_wildungensisDipterus_valenciennesiGriphognathus_sculptaGriphognathus_whiteiHolodipterus_gogoensisHolodipterus_santacrucensisIowadipterus_halliOrlovichthys_limnatisPillararhynchus_longiRhinodipterus_kimberleyensisRhinodipterus_ulrichiRhynchodipterus_elginensisRobinsondipterus_longi",43,"Chi; odipte; us_aust; alisChi"
37,113,127,21.721471,23.842097,2.120626,-12.3569143308728,6,4.2999191796449e-06,"regular",FALSE,FALSE,"-13 to -12",-12.3569143308728,-12.3616192803016,0.059565132535468,-12.4344920328314,-12.2848510302351,-12.4408526287116,-12.2818968846047,6,0.149641002596296,0.158955744106848,0.00482038888840145,"Dipnorhynchus_cathlesaeDipnorhynchus_kurikae",8,"Dip; o; hy; chus_cathlesaeDip"
38,127,36,23.842097,32.836072,8.993975,-12.3569143308728,6,4.2999191796449e-06,"regular",FALSE,FALSE,"-13 to -12",-12.3569143308728,-12.3616192803016,0.059565132535468,-12.4344920328314,-12.2848510302351,-12.4408526287116,-12.2818968846047,6,0.149641002596296,0.158955744106848,0.00482038888840145,"Dipnorhynchus_cathlesae",4,"Dip; o; hy; chus_cathlesae"
39,127,37,23.842097,25.772133,1.930036,-12.3569143308728,6,4.2999191796449e-06,"regular",FALSE,FALSE,"-13 to -12",-12.3569143308728,-12.3616192803016,0.059565132535468,-12.4344920328314,-12.2848510302351,-12.4408526287116,-12.2818968846047,6,0.149641002596296,0.158955744106848,0.00482038888840145,"Dipnorhynchus_kurikae",5,"Dip; o; hy; chus_ku"
11,114,115,30.372706,35.6673,5.294594,-12.4501510565734,6,3.91713101294299e-06,"regular",FALSE,FALSE,"-13 to -12",-12.4501510565734,-12.3884901090362,0.226002618281009,-12.8387973171926,-12.2848510302351,-12.8956465584042,-12.2818968846047,6,0.55394628695754,0.613749673799466,0.018152600498906,"Chirodipterus_australisChirodipterus_wildungensisDipterus_valenciennesiGriphognathus_sculptaGriphognathus_whiteiHolodipterus_gogoensisHolodipterus_santacrucensisOrlovichthys_limnatisPillararhynchus_longiRhinodipterus_kimberleyensisRhinodipterus_ulrichiRhynchodipterus_elginensisRobinsondipterus_longi",42,"Chi; odipte; us_aust; alisChi"
36,114,35,30.372706,49.951816,19.57911,-12.4501510565734,6,3.91713101294299e-06,"regular",FALSE,FALSE,"-13 to -12",-12.4501510565734,-12.3884901090362,0.226002618281008,-12.8387973171926,-12.2848510302351,-12.8956465584042,-12.2818968846047,6,0.553946286957538,0.613749673799465,0.0181526004989059,"Iowadipterus_halli",2,"Iowadipte; us_halli"
140,157,158,9.850334,14.949413,5.099079,-13.1640805357529,5,1.91828205448568e-06,"regular",FALSE,FALSE,"-14 to -13",-13.1640805357529,-13.0107456395367,0.361103567981617,-13.7494193337918,-12.8820227482651,-13.8039680775176,-12.8774560426509,6,0.86739658552675,0.926512034866752,0.0274309752968223,"Austelliscus_feroxCheirolepis_jonesiCheirolepis_trailliCuneognathus_gardineriGogosardina_coatesiHowqualepis_rostridensKentuckia_hlaviniLimnomis_delayniMimipiscis_bartramiMimipiscis_toombsiMoythomasia_durgaringaOsorioichthys_marginisPaleoneiros_clackorumRaynerius_splendensTegeolepis_clarki",36,"Austelliscus_fe; oxChei; olepis_jo; esiChei"
169,157,86,9.850334,17.029931,7.179597,-13.1640805357529,5,1.91828205448568e-06,"regular",FALSE,FALSE,"-14 to -13",-13.1640805357529,-13.0107456395367,0.361103567981617,-13.7494193337918,-12.8820227482651,-13.8039680775176,-12.8774560426509,6,0.86739658552675,0.926512034866752,0.0274309752968223,"Meemannia_eos",2,"Meema; ia_eos"
123,92,152,6.796867,12.575111,5.778244,-13.4308002699315,5,1.46918861825364e-06,"regular",FALSE,FALSE,"-14 to -13",-13.4308002699315,-13.3312388034146,0.22479324566065,-13.7788118631963,-13.2559042853201,-13.8039680775176,-13.2552661183776,6,0.52290757787611,0.548701959140017,0.0167371445589814,"Diplocercides_kayseriMiguashaia_grossiNgamugawi_wirngarriOnychodus_jandemarraiStrunius_rolandiStyloichthys_changae",14,"Diploce; cides_kayse; iMiguashaia_g; ossiNgamugawi_wi"
125,153,154,15.788378,40.660818,24.87244,-13.4308002699315,5,1.46918861825364e-06,"regular",FALSE,FALSE,"-14 to -13",-13.4308002699315,-13.3312388034146,0.22479324566065,-13.7788118631963,-13.2559042853201,-13.8039680775176,-13.2552661183776,6,0.52290757787611,0.548701959140017,0.0167371445589814,"Diplocercides_kayseriMiguashaia_grossiNgamugawi_wirngarri",6,"Diploce; cides_kayse; iMiguashaia_g; ossiNgamugawi_wi"
126,154,155,40.660818,49.04745,8.386632,-13.4308002699315,5,1.46918861825364e-06,"regular",FALSE,FALSE,"-14 to -13",-13.4308002699315,-13.3312388034146,0.22479324566065,-13.7788118631963,-13.2559042853201,-13.8039680775176,-13.2552661183776,6,0.52290757787611,0.548701959140017,0.0167371445589814,"Diplocercides_kayseriNgamugawi_wirngarri",5,"Diploce; cides_kayse; iNgamugawi_wi; ga"
127,155,65,49.04745,53.191961,4.144511,-13.4308002699315,5,1.46918861825364e-06,"regular",FALSE,FALSE,"-14 to -13",-13.4308002699315,-13.3312388034146,0.22479324566065,-13.7788118631963,-13.2559042853201,-13.8039680775176,-13.2552661183776,6,0.52290757787611,0.548701959140017,0.0167371445589814,"Diplocercides_kayseri",3,"Diploce; cides_kayse; i"
128,155,66,49.04745,53.260524,4.213074,-13.4308002699315,5,1.46918861825364e-06,"regular",FALSE,FALSE,"-14 to -13",-13.4308002699315,-13.3312388034146,0.22479324566065,-13.7788118631963,-13.2559042853201,-13.8039680775176,-13.2552661183776,6,0.52290757787611,0.548701959140017,0.0167371445589814,"Ngamugawi_wirngarri",3,"Ngamugawi_wi; ga; i"
129,154,67,40.660818,50.438892,9.778074,-13.4308002699315,5,1.46918861825364e-06,"regular",FALSE,FALSE,"-14 to -13",-13.4308002699315,-13.3312388034146,0.224793245660651,-13.7788118631963,-13.2559042853201,-13.8039680775176,-13.2552661183776,6,0.522907577876111,0.548701959140018,0.0167371445589815,"Miguashaia_grossi",2,"Miguashaia_g; ossi"
130,153,68,15.788378,17.306201,1.517823,-13.4308002699315,5,1.46918861825364e-06,"regular",FALSE,FALSE,"-14 to -13",-13.4308002699315,-13.3312388034146,0.22479324566065,-13.7788118631963,-13.2559042853201,-13.8039680775176,-13.2552661183776,6,0.52290757787611,0.548701959140017,0.0167371445589814,"Styloichthys_changae",2,"Styloichthys_cha; gae"
131,152,156,12.575111,45.913341,33.33823,-13.4308002699315,5,1.46918861825364e-06,"regular",FALSE,FALSE,"-14 to -13",-13.4308002699315,-13.3312388034146,0.22479324566065,-13.7788118631963,-13.2559042853201,-13.8039680775176,-13.2552661183776,6,0.52290757787611,0.548701959140017,0.0167371445589814,"Onychodus_jandemarraiStrunius_rolandi",8,"O; ychodus_ja; dema; aiSt"
132,156,69,45.913341,53.258918,7.345577,-13.4308002699315,5,1.46918861825364e-06,"regular",FALSE,FALSE,"-14 to -13",-13.4308002699315,-13.3312388034146,0.22479324566065,-13.7788118631963,-13.2559042853201,-13.8039680775176,-13.2552661183776,6,0.52290757787611,0.548701959140017,0.0167371445589814,"Onychodus_jandemarrai",4,"O; ychodus_ja; dema; ai"
133,156,70,45.913341,52.513145,6.599804,-13.4308002699315,5,1.46918861825364e-06,"regular",FALSE,FALSE,"-14 to -13",-13.4308002699315,-13.3312388034146,0.22479324566065,-13.7788118631963,-13.2559042853201,-13.8039680775176,-13.2552661183776,6,0.52290757787611,0.548701959140017,0.0167371445589814,"Strunius_rolandi",5,"St; u; ius_; ola"
4,92,93,6.796867,8.066865,1.269998,-13.4308002699315,5,1.46918861825364e-06,"regular",FALSE,FALSE,"-14 to -13",-13.4308002699315,-13.3312388034146,0.22479324566065,-13.7788118631963,-13.2559042853201,-13.8039680775176,-13.2552661183776,6,0.522907577876108,0.548701959140015,0.0167371445589814,"Arquatichthys_porosusAsperocephalus_milleriAsperocephalus_spCathlorhynchus_trismodipterusChirodipterus_australisChirodipterus_wildungensisCryptolepis_grossiDiabolepis_speratusDipnorhynchus_cathlesaeDipnorhynchus_kurikaeDipnorhynchus_sussmilchiDipterus_valenciennesiDurialepis_edentatusEusthenopteron_foordiEusthenopteron_jenkinsiEusthenopteron_saevesoederberghiGlyptolepis_paucidensGogonasus_andrewsaeGriphognathus_sculptaGriphognathus_whiteiGyroptychius_groenlandicusGyroptychius_milleriHeimenia_ensisHolodipterus_gogoensisHolodipterus_santacrucensisHoloptychius_bergmanniHoloptychius_giganteusHoloptychius_jarvikiHyneria_lindaeIowadipterus_halliJarvikina_wenjukowiKenichthys_campbelliKoharalepis_jarvikiLaccognathus_embryiLatvius_grewingkiLatvius_spLitoptychus_bryantiMedoevia_lataMegalichthys_mullisoniOrlovichthys_limnatisOsteolepis_spPanderichthys_spPillararhynchus_longiPlatycephalichthys_bischoffiPlatycephalichthys_skuenicusPolyplocodus_leptognathusPorolepis_brevisPowichthys_thorsteinssoniQuebecius_quebecensisRhinodipterus_kimberleyensisRhinodipterus_ulrichiRhynchodipterus_elginensisRobinsondipterus_longiSpeonesydrion_ianiSpodichthys_buetleriThursius_estonicusTiktaalik_roseaeTungsenia_paradoxaUranolophus_wyomingensisYoungolepis_praecursor",141,"A; quatichthys_po; osusAspe; ocephalus_mille"
124,152,153,12.575111,15.788378,3.213267,-13.4308002699315,5,1.46918861825364e-06,"regular",FALSE,FALSE,"-14 to -13",-13.4308002699315,-13.3312388034146,0.22479324566065,-13.7788118631963,-13.2559042853201,-13.8039680775176,-13.2552661183776,6,0.52290757787611,0.548701959140017,0.0167371445589814,"Diplocercides_kayseriMiguashaia_grossiNgamugawi_wirngarriStyloichthys_changae",7,"Diploce; cides_kayse; iMiguashaia_g; ossiNgamugawi_wi"
51,96,97,14.132354,16.12517,1.992816,-13.4676676013437,5,1.4160098573045e-06,"regular",FALSE,FALSE,"-14 to -13",-13.4676676013437,-13.0002729159846,1.68202251863268,-16.1440380785007,-12.1212625598183,-16.4330480980528,-12.1197761236903,6,4.02277551868243,4.31327197436248,0.124893379345423,"Asperocephalus_milleriAsperocephalus_spDurialepis_edentatusGlyptolepis_paucidensHeimenia_ensisHoloptychius_bergmanniHoloptychius_giganteusHoloptychius_jarvikiLaccognathus_embryiPorolepis_brevisQuebecius_quebecensis",18,"Aspe; ocephalus_mille; iAspe; ocephalus_spDu"
72,96,17,14.132354,18.942986,4.810632,-13.4676676013437,5,1.4160098573045e-06,"regular",FALSE,FALSE,"-14 to -13",-13.4676676013437,-13.0002729159846,1.68202251863268,-16.1440380785007,-12.1212625598183,-16.4330480980528,-12.1197761236903,6,4.02277551868243,4.31327197436248,0.124893379345423,"Powichthys_thorsteinssoni",4,"Powichthys_tho; stei; sso; i"
146,167,168,40.124683,44.64798,4.523297,-14.9602635982311,4,3.18302515989157e-07,"regular",FALSE,FALSE,"-15 to -14",-14.9602635982311,-15.0010625641038,0.35946169069697,-15.450048530027,-14.5551718239776,-15.495788323863,-14.5512627379467,6,0.894876706049358,0.944525585916297,0.0240277645067346,"Gogosardina_coatesiMimipiscis_bartramiMimipiscis_toombsi",5,"Gogosa; di; a_coatesiMimipiscis_ba; t"
151,167,77,40.124683,50.676667,10.551984,-14.9602635982311,4,3.18302515989157e-07,"regular",FALSE,FALSE,"-15 to -14",-14.9602635982311,-15.0010625641038,0.359461690696971,-15.450048530027,-14.5551718239776,-15.495788323863,-14.5512627379467,6,0.894876706049361,0.944525585916299,0.0240277645067347,"Howqualepis_rostridens",4,"Howqualepis_; ost; ide; s"
155,162,163,29.695956,48.831076,19.13512,-14.9602635982311,4,3.18302515989157e-07,"regular",FALSE,FALSE,"-15 to -14",-14.9602635982311,-15.0010625641038,0.359461690696971,-15.450048530027,-14.5551718239776,-15.495788323863,-14.5512627379467,6,0.894876706049361,0.944525585916299,0.0240277645067347,"Cuneognathus_gardineriKentuckia_hlaviniLimnomis_delayniPaleoneiros_clackorum",13,"Cu; eog; athus_ga; di"
156,163,164,48.831076,60.265376,11.4343,-14.9602635982311,4,3.18302515989157e-07,"regular",FALSE,FALSE,"-15 to -14",-14.9602635982311,-15.0010625641038,0.35946169069697,-15.450048530027,-14.5551718239776,-15.495788323863,-14.5512627379467,6,0.894876706049359,0.944525585916297,0.0240277645067346,"Cuneognathus_gardineriKentuckia_hlaviniLimnomis_delayni",10,"Cu; eog; athus_ga; di"
144,162,166,29.695956,34.210599,4.514643,-14.9602635982311,4,3.18302515989157e-07,"regular",FALSE,FALSE,"-15 to -14",-14.9602635982311,-15.0010625641038,0.359461690696971,-15.450048530027,-14.5551718239776,-15.495788323863,-14.5512627379467,6,0.894876706049361,0.944525585916299,0.0240277645067347,"Gogosardina_coatesiHowqualepis_rostridensMimipiscis_bartramiMimipiscis_toombsiMoythomasia_durgaringaRaynerius_splendens",15,"Gogosa; di; a_coatesiHowqualepis_; ost"
145,166,167,34.210599,40.124683,5.914084,-14.9602635982311,4,3.18302515989157e-07,"regular",FALSE,FALSE,"-15 to -14",-14.9602635982311,-15.0010625641038,0.359461690696971,-15.450048530027,-14.5551718239776,-15.495788323863,-14.5512627379467,6,0.894876706049361,0.944525585916299,0.0240277645067347,"Gogosardina_coatesiHowqualepis_rostridensMimipiscis_bartramiMimipiscis_toombsi",8,"Gogosa; di; a_coatesiHowqualepis_; ost"
147,168,169,44.64798,51.661405,7.013425,-14.9602635982311,4,3.18302515989157e-07,"regular",FALSE,FALSE,"-15 to -14",-14.9602635982311,-15.0010625641038,0.359461690696971,-15.450048530027,-14.5551718239776,-15.495788323863,-14.5512627379467,6,0.894876706049361,0.944525585916299,0.0240277645067347,"Gogosardina_coatesiMimipiscis_bartrami",5,"Gogosa; di; a_coatesiMimipiscis_ba; t"
148,169,78,51.661405,53.235149,1.573744,-14.9602635982311,4,3.18302515989157e-07,"regular",FALSE,FALSE,"-15 to -14",-14.9602635982311,-15.0010625641038,0.359461690696971,-15.450048530027,-14.5551718239776,-15.495788323863,-14.5512627379467,6,0.894876706049361,0.944525585916299,0.0240277645067347,"Gogosardina_coatesi",3,"Gogosa; di; a_coatesi"
149,169,79,51.661405,53.217341,1.555936,-14.9602635982311,4,3.18302515989157e-07,"regular",FALSE,FALSE,"-15 to -14",-14.9602635982311,-15.0010625641038,0.359461690696971,-15.450048530027,-14.5551718239776,-15.495788323863,-14.5512627379467,6,0.894876706049361,0.944525585916299,0.0240277645067347,"Mimipiscis_bartrami",3,"Mimipiscis_ba; t; ami"
150,168,80,44.64798,53.14244,8.49446,-14.9602635982311,4,3.18302515989157e-07,"regular",FALSE,FALSE,"-15 to -14",-14.9602635982311,-15.0010625641038,0.359461690696971,-15.450048530027,-14.5551718239776,-15.495788323863,-14.5512627379467,6,0.894876706049361,0.944525585916299,0.0240277645067347,"Mimipiscis_toombsi",1,"Mimipiscis_toombsi"
152,166,170,34.210599,46.980489,12.76989,-14.9602635982311,4,3.18302515989157e-07,"regular",FALSE,FALSE,"-15 to -14",-14.9602635982311,-15.0010625641038,0.359461690696972,-15.450048530027,-14.5551718239776,-15.495788323863,-14.5512627379467,6,0.894876706049363,0.944525585916301,0.0240277645067347,"Moythomasia_durgaringaRaynerius_splendens",8,"Moythomasia_du; ga; i; gaRay"
153,170,81,46.980489,53.228145,6.247656,-14.9602635982311,4,3.18302515989157e-07,"regular",FALSE,FALSE,"-15 to -14",-14.9602635982311,-15.0010625641038,0.359461690696971,-15.450048530027,-14.5551718239776,-15.495788323863,-14.5512627379467,6,0.894876706049361,0.944525585916299,0.0240277645067347,"Moythomasia_durgaringa",4,"Moythomasia_du; ga; i; ga"
157,164,165,60.265376,66.334293,6.06891700000001,-14.9602635982311,4,3.18302515989157e-07,"regular",FALSE,FALSE,"-15 to -14",-14.9602635982311,-15.0010625641038,0.359461690696972,-15.450048530027,-14.5551718239776,-15.495788323863,-14.5512627379467,6,0.894876706049361,0.944525585916303,0.0240277645067348,"Cuneognathus_gardineriLimnomis_delayni",8,"Cu; eog; athus_ga; di"
158,165,73,66.334293,71.123109,4.788816,-14.9602635982311,4,3.18302515989157e-07,"regular",FALSE,FALSE,"-15 to -14",-14.9602635982311,-15.0010625641038,0.359461690696971,-15.450048530027,-14.5551718239776,-15.495788323863,-14.5512627379467,6,0.894876706049361,0.944525585916299,0.0240277645067347,"Cuneognathus_gardineri",6,"Cu; eog; athus_ga; di"
159,165,74,66.334293,67.963941,1.629648,-14.9602635982311,4,3.18302515989157e-07,"regular",FALSE,FALSE,"-15 to -14",-14.9602635982311,-15.0010625641038,0.359461690696971,-15.450048530027,-14.5551718239776,-15.495788323863,-14.5512627379467,6,0.894876706049361,0.944525585916299,0.0240277645067347,"Limnomis_delayni",3,"Lim; omis_delay; i"
160,164,75,60.265376,67.297048,7.03167199999999,-14.9602635982311,4,3.18302515989157e-07,"regular",FALSE,FALSE,"-15 to -14",-14.9602635982311,-15.0010625641038,0.359461690696971,-15.450048530027,-14.5551718239776,-15.495788323863,-14.5512627379467,6,0.894876706049361,0.944525585916299,0.0240277645067347,"Kentuckia_hlavini",3,"Ke; tuckia_hlavi; i"
161,163,76,48.831076,62.559366,13.72829,-14.9602635982311,4,3.18302515989157e-07,"regular",FALSE,FALSE,"-15 to -14",-14.9602635982311,-15.0010625641038,0.359461690696971,-15.450048530027,-14.5551718239776,-15.495788323863,-14.5512627379467,6,0.894876706049361,0.944525585916299,0.0240277645067347,"Paleoneiros_clackorum",4,"Paleo; ei; os_clacko; um"
154,170,82,46.980489,55.901353,8.920864,-14.9602635982311,4,3.18302515989156e-07,"regular",FALSE,FALSE,"-15 to -14",-14.9602635982311,-15.0010625641038,0.359461690696971,-15.450048530027,-14.5551718239776,-15.495788323863,-14.5512627379467,6,0.894876706049359,0.944525585916297,0.0240277645067347,"Raynerius_splendens",5,"Ray; e; ius_sple; de"
143,161,162,24.42901,29.695956,5.266946,-15.0856817335894,3,2.80783554364055e-07,"regular",FALSE,FALSE,"-16 to -15",-15.0856817335894,-15.1118627856323,0.331501806808512,-15.4756953131732,-14.595888586968,-15.495788323863,-14.5512627379467,6,0.879806726205102,0.944525585916299,0.0219745990047236,"Cuneognathus_gardineriGogosardina_coatesiHowqualepis_rostridensKentuckia_hlaviniLimnomis_delayniMimipiscis_bartramiMimipiscis_toombsiMoythomasia_durgaringaPaleoneiros_clackorumRaynerius_splendens",27,"Cu; eog; athus_ga; di"
162,161,83,24.42901,61.10523,36.67622,-15.0856817335894,3,2.80783554364055e-07,"regular",FALSE,FALSE,"-16 to -15",-15.0856817335894,-15.1118627856323,0.331501806808513,-15.4756953131732,-14.595888586968,-15.495788323863,-14.5512627379467,6,0.879806726205103,0.944525585916301,0.0219745990047237,"Osorioichthys_marginis",4,"Oso; ioichthys_ma; gi; is"
50,95,96,12.346647,14.132354,1.785707,-15.114720046085,3,2.72747317830111e-07,"regular",FALSE,FALSE,"-16 to -15",-15.114720046085,-14.9603399934563,2.13099226275159,-18.2379667445439,-12.6981082634967,-18.5603599135771,-12.5598000488774,6,5.53985848104716,6.00055986469967,0.140987875147814,"Asperocephalus_milleriAsperocephalus_spDurialepis_edentatusGlyptolepis_paucidensHeimenia_ensisHoloptychius_bergmanniHoloptychius_giganteusHoloptychius_jarvikiLaccognathus_embryiPorolepis_brevisPowichthys_thorsteinssoniQuebecius_quebecensis",21,"Aspe; ocephalus_mille; iAspe; ocephalus_spDu"
73,95,5,12.346647,19.065386,6.718739,-15.114720046085,3,2.72747317830111e-07,"regular",FALSE,FALSE,"-16 to -15",-15.114720046085,-14.9603399934563,2.13099226275159,-18.2379667445439,-12.6981082634967,-18.5603599135771,-12.5598000488774,6,5.53985848104716,6.00055986469967,0.140987875147814,"Arquatichthys_porosus",3,"A; quatichthys_po; osus"
53,98,99,17.653706,35.950956,18.29725,-16.0086110958155,2,1.11570283893104e-07,"regular",FALSE,FALSE,"-17 to -16",-16.0086110958155,-15.4298655017345,1.27390177062657,-17.6768476288946,-14.8130229621605,-17.697874245831,-14.7566306136718,6,2.86382466673411,2.94124363215922,0.0795760333611672,"Asperocephalus_milleriAsperocephalus_spGlyptolepis_paucidensHoloptychius_bergmanniHoloptychius_giganteusHoloptychius_jarvikiLaccognathus_embryiQuebecius_quebecensis",12,"Aspe; ocephalus_mille; iAspe; ocephalus_spGlyptolepis_paucide"
54,99,100,35.950956,38.89421,2.943254,-16.0086110958155,2,1.11570283893104e-07,"regular",FALSE,FALSE,"-17 to -16",-16.0086110958155,-15.4298655017345,1.27390177062657,-17.6768476288946,-14.8130229621605,-17.697874245831,-14.7566306136718,6,2.8638246667341,2.94124363215922,0.0795760333611671,"Asperocephalus_milleriAsperocephalus_spHoloptychius_bergmanniHoloptychius_giganteusHoloptychius_jarvikiLaccognathus_embryiQuebecius_quebecensis",11,"Aspe; ocephalus_mille; iAspe; ocephalus_spHoloptychius_be"
55,100,102,38.89421,43.937871,5.043661,-16.0086110958155,2,1.11570283893104e-07,"regular",FALSE,FALSE,"-17 to -16",-16.0086110958155,-15.4298655017345,1.27390177062657,-17.6768476288946,-14.8130229621605,-17.697874245831,-14.7566306136718,6,2.8638246667341,2.94124363215922,0.0795760333611671,"Holoptychius_bergmanniHoloptychius_giganteusHoloptychius_jarvikiLaccognathus_embryiQuebecius_quebecensis",8,"Holoptychius_be; gma; iHoloptychius_giga; teusHoloptychius_ja"
56,102,103,43.937871,48.567587,4.629716,-16.0086110958155,2,1.11570283893104e-07,"regular",FALSE,FALSE,"-17 to -16",-16.0086110958155,-15.4298655017345,1.27390177062657,-17.6768476288946,-14.8130229621605,-17.697874245831,-14.7566306136718,6,2.86382466673411,2.94124363215922,0.0795760333611671,"Holoptychius_bergmanniHoloptychius_giganteusHoloptychius_jarviki",5,"Holoptychius_be; gma; iHoloptychius_giga; teusHoloptychius_ja"
57,103,104,48.567587,52.290325,3.722738,-16.0086110958155,2,1.11570283893104e-07,"regular",FALSE,FALSE,"-17 to -16",-16.0086110958155,-15.4298655017345,1.27390177062657,-17.6768476288946,-14.8130229621605,-17.697874245831,-14.7566306136718,6,2.86382466673411,2.94124363215922,0.0795760333611671,"Holoptychius_giganteusHoloptychius_jarviki",3,"Holoptychius_giga; teusHoloptychius_ja; viki"
58,104,9,52.290325,57.853261,5.562936,-16.0086110958155,2,1.11570283893104e-07,"regular",FALSE,FALSE,"-17 to -16",-16.0086110958155,-15.4298655017345,1.27390177062657,-17.6768476288946,-14.8130229621605,-17.697874245831,-14.7566306136718,6,2.86382466673411,2.94124363215922,0.0795760333611671,"Holoptychius_giganteus",2,"Holoptychius_giga; teus"
59,104,10,52.290325,53.851617,1.561292,-16.0086110958155,2,1.11570283893104e-07,"regular",FALSE,FALSE,"-17 to -16",-16.0086110958155,-15.4298655017345,1.27390177062657,-17.6768476288946,-14.8130229621605,-17.697874245831,-14.7566306136718,6,2.86382466673411,2.94124363215922,0.0795760333611671,"Holoptychius_jarviki",2,"Holoptychius_ja; viki"
60,103,8,48.567587,56.349944,7.782357,-16.0086110958155,2,1.11570283893104e-07,"regular",FALSE,FALSE,"-17 to -16",-16.0086110958155,-15.4298655017345,1.27390177062657,-17.6768476288946,-14.8130229621605,-17.697874245831,-14.7566306136718,6,2.86382466673411,2.94124363215922,0.0795760333611671,"Holoptychius_bergmanni",3,"Holoptychius_be; gma; i"
61,102,105,43.937871,51.181428,7.243557,-16.0086110958155,2,1.11570283893104e-07,"regular",FALSE,FALSE,"-17 to -16",-16.0086110958155,-15.4298655017345,1.27390177062657,-17.6768476288946,-14.8130229621605,-17.697874245831,-14.7566306136718,6,2.86382466673411,2.94124363215922,0.0795760333611671,"Laccognathus_embryiQuebecius_quebecensis",4,"Laccog; athus_emb; yiQuebecius_quebece; sis"
62,105,11,51.181428,55.944024,4.762596,-16.0086110958155,2,1.11570283893104e-07,"regular",FALSE,FALSE,"-17 to -16",-16.0086110958155,-15.4298655017345,1.27390177062657,-17.6768476288946,-14.8130229621605,-17.697874245831,-14.7566306136718,6,2.86382466673411,2.94124363215922,0.0795760333611671,"Laccognathus_embryi",3,"Laccog; athus_emb; yi"
63,105,12,51.181428,55.813973,4.632545,-16.0086110958155,2,1.11570283893104e-07,"regular",FALSE,FALSE,"-17 to -16",-16.0086110958155,-15.4298655017345,1.27390177062657,-17.6768476288946,-14.8130229621605,-17.697874245831,-14.7566306136718,6,2.86382466673411,2.94124363215922,0.0795760333611672,"Quebecius_quebecensis",2,"Quebecius_quebece; sis"
64,100,101,38.89421,43.663059,4.768849,-16.0086110958155,2,1.11570283893104e-07,"regular",FALSE,FALSE,"-17 to -16",-16.0086110958155,-15.4298655017345,1.27390177062657,-17.6768476288946,-14.8130229621605,-17.697874245831,-14.7566306136718,6,2.86382466673411,2.94124363215922,0.0795760333611671,"Asperocephalus_milleriAsperocephalus_sp",4,"Aspe; ocephalus_mille; iAspe; ocephalus_sp"
65,101,6,43.663059,47.713399,4.05034,-16.0086110958155,2,1.11570283893104e-07,"regular",FALSE,FALSE,"-17 to -16",-16.0086110958155,-15.4298655017345,1.27390177062657,-17.6768476288946,-14.8130229621605,-17.697874245831,-14.7566306136718,6,2.86382466673411,2.94124363215922,0.0795760333611671,"Asperocephalus_milleri",3,"Aspe; ocephalus_mille; i"
66,101,7,43.663059,46.659212,2.996153,-16.0086110958155,2,1.11570283893104e-07,"regular",FALSE,FALSE,"-17 to -16",-16.0086110958155,-15.4298655017345,1.27390177062657,-17.6768476288946,-14.8130229621605,-17.697874245831,-14.7566306136718,6,2.86382466673411,2.94124363215922,0.0795760333611671,"Asperocephalus_sp",2,"Aspe; ocephalus_sp"
67,99,13,35.950956,41.083744,5.132788,-16.0086110958155,2,1.11570283893104e-07,"regular",FALSE,FALSE,"-17 to -16",-16.0086110958155,-15.4298655017345,1.27390177062657,-17.6768476288946,-14.8130229621605,-17.697874245831,-14.7566306136718,6,2.8638246667341,2.94124363215922,0.0795760333611671,"Glyptolepis_paucidens",2,"Glyptolepis_paucide; s"
68,98,106,17.653706,19.353947,1.700241,-16.0086110958155,2,1.11570283893104e-07,"regular",FALSE,FALSE,"-17 to -16",-16.0086110958155,-15.4298655017345,1.27390177062657,-17.6768476288946,-14.8130229621605,-17.697874245831,-14.7566306136718,6,2.8638246667341,2.94124363215922,0.0795760333611671,"Durialepis_edentatusHeimenia_ensis",5,"Du; ialepis_ede; tatusHeime; ia_e"
69,106,14,19.353947,20.390783,1.036836,-16.0086110958155,2,1.11570283893104e-07,"regular",FALSE,FALSE,"-17 to -16",-16.0086110958155,-15.4298655017345,1.27390177062657,-17.6768476288946,-14.8130229621605,-17.697874245831,-14.7566306136718,6,2.86382466673411,2.94124363215922,0.0795760333611671,"Durialepis_edentatus",3,"Du; ialepis_ede; tatus"
70,106,15,19.353947,35.321257,15.96731,-16.0086110958155,2,1.11570283893104e-07,"regular",FALSE,FALSE,"-17 to -16",-16.0086110958155,-15.4298655017345,1.27390177062657,-17.6768476288946,-14.8130229621605,-17.697874245831,-14.7566306136718,6,2.86382466673411,2.94124363215922,0.0795760333611671,"Heimenia_ensis",3,"Heime; ia_e; sis"
7,107,108,11.256923,12.000537,0.743614000000001,-16.0093980854179,2,1.1148251378136e-07,"regular",FALSE,FALSE,"-17 to -16",-16.0093980854179,-16.0409804498626,0.477521175843529,-16.5217464627027,-15.3206527367034,-16.5280168403986,-15.2661108233458,6,1.20109372599922,1.26190601705288,0.0298275533718208,"Cathlorhynchus_trismodipterusChirodipterus_australisChirodipterus_wildungensisDiabolepis_speratusDipnorhynchus_cathlesaeDipnorhynchus_kurikaeDipnorhynchus_sussmilchiDipterus_valenciennesiGriphognathus_sculptaGriphognathus_whiteiHolodipterus_gogoensisHolodipterus_santacrucensisIowadipterus_halliOrlovichthys_limnatisPillararhynchus_longiRhinodipterus_kimberleyensisRhinodipterus_ulrichiRhynchodipterus_elginensisRobinsondipterus_longiSpeonesydrion_ianiUranolophus_wyomingensis",66,"Cathlo; hy; chus_t; ismodipte"
48,107,39,11.256923,17.058503,5.80158,-16.0093980854179,2,1.1148251378136e-07,"regular",FALSE,FALSE,"-17 to -16",-16.0093980854179,-16.0409804498626,0.477521175843529,-16.5217464627027,-15.3206527367034,-16.5280168403986,-15.2661108233458,6,1.20109372599922,1.26190601705288,0.0298275533718209,"Youngolepis_praecursor",4,"You; golepis_p; aecu; so"
12,115,116,35.6673,38.078728,2.411428,-16.2482948860505,2,8.77920500923157e-08,"regular",FALSE,FALSE,"-17 to -16",-16.2482948860505,-15.8047695241781,1.05262151251459,-18.0836377967064,-15.5744052087794,-18.3490797724695,-15.5482725235205,6,2.50923258792703,2.80080724894898,0.0647835062015212,"Chirodipterus_australisChirodipterus_wildungensisGriphognathus_sculptaGriphognathus_whiteiHolodipterus_gogoensisHolodipterus_santacrucensisOrlovichthys_limnatisPillararhynchus_longiRhinodipterus_kimberleyensisRhinodipterus_ulrichiRhynchodipterus_elginensisRobinsondipterus_longi",39,"Chi; odipte; us_aust; alisChi"
35,115,34,35.6673,42.29099,6.62369,-16.2482948860505,2,8.77920500923157e-08,"regular",FALSE,FALSE,"-17 to -16",-16.2482948860505,-15.8047695241781,1.0526215125146,-18.0836377967064,-15.5744052087794,-18.3490797724695,-15.5482725235205,6,2.50923258792703,2.80080724894898,0.0647835062015212,"Dipterus_valenciennesi",4,"Dipte; us_vale; cie; esi"
52,97,98,16.12517,17.653706,1.528536,-16.5677280933718,2,6.37862559762886e-08,"regular",FALSE,FALSE,"-17 to -16",-16.5677280933718,-16.4195229349131,0.918677914119957,-17.6768476288946,-15.3513462910681,-17.697874245831,-15.2451638657185,6,2.32550133782649,2.45271038011246,0.0554498425458521,"Asperocephalus_milleriAsperocephalus_spDurialepis_edentatusGlyptolepis_paucidensHeimenia_ensisHoloptychius_bergmanniHoloptychius_giganteusHoloptychius_jarvikiLaccognathus_embryiQuebecius_quebecensis",16,"Aspe; ocephalus_mille; iAspe; ocephalus_spDu"
71,97,16,16.12517,34.85982,18.73465,-16.5677280933718,2,6.37862559762886e-08,"regular",FALSE,FALSE,"-17 to -16",-16.5677280933718,-16.4195229349131,0.918677914119956,-17.6768476288946,-15.3513462910681,-17.697874245831,-15.2451638657185,6,2.32550133782649,2.45271038011246,0.055449842545852,"Porolepis_brevis",3,"Po; olepis_b; evis"
3,89,92,5.781789,6.796867,1.015078,-16.6480327151284,2,5.88642015186346e-08,"regular",FALSE,FALSE,"-17 to -16",-16.6480327151284,-15.1037327644753,4.90413373051534,-25.1694097450755,-13.6278745772681,-26.5135389398748,-13.6027183629467,6,11.5415351678075,12.9108205769281,0.294577372259658,"Arquatichthys_porosusAsperocephalus_milleriAsperocephalus_spCathlorhynchus_trismodipterusChirodipterus_australisChirodipterus_wildungensisCryptolepis_grossiDiabolepis_speratusDiplocercides_kayseriDipnorhynchus_cathlesaeDipnorhynchus_kurikaeDipnorhynchus_sussmilchiDipterus_valenciennesiDurialepis_edentatusEusthenopteron_foordiEusthenopteron_jenkinsiEusthenopteron_saevesoederberghiGlyptolepis_paucidensGogonasus_andrewsaeGriphognathus_sculptaGriphognathus_whiteiGyroptychius_groenlandicusGyroptychius_milleriHeimenia_ensisHolodipterus_gogoensisHolodipterus_santacrucensisHoloptychius_bergmanniHoloptychius_giganteusHoloptychius_jarvikiHyneria_lindaeIowadipterus_halliJarvikina_wenjukowiKenichthys_campbelliKoharalepis_jarvikiLaccognathus_embryiLatvius_grewingkiLatvius_spLitoptychus_bryantiMedoevia_lataMegalichthys_mullisoniMiguashaia_grossiNgamugawi_wirngarriOnychodus_jandemarraiOrlovichthys_limnatisOsteolepis_spPanderichthys_spPillararhynchus_longiPlatycephalichthys_bischoffiPlatycephalichthys_skuenicusPolyplocodus_leptognathusPorolepis_brevisPowichthys_thorsteinssoniQuebecius_quebecensisRhinodipterus_kimberleyensisRhinodipterus_ulrichiRhynchodipterus_elginensisRobinsondipterus_longiSpeonesydrion_ianiSpodichthys_buetleriStrunius_rolandiStyloichthys_changaeThursius_estonicusTiktaalik_roseaeTungsenia_paradoxaUranolophus_wyomingensisYoungolepis_praecursor",154,"A; quatichthys_po; osusAspe; ocephalus_mille"
134,89,90,5.781789,6.475069,0.69328,-16.6480327151284,2,5.88642015186346e-08,"regular",FALSE,FALSE,"-17 to -16",-16.6480327151284,-15.1037327644753,4.90413373051534,-25.1694097450755,-13.6278745772681,-26.5135389398748,-13.6027183629467,6,11.5415351678075,12.9108205769281,0.294577372259658,"Achoania_jarvikiiGuiyu_oneirosPsarolepis_romeri",8,"Achoa; ia_ja; vikiiGuiyu_o; ei"
135,90,91,6.475069,13.126007,6.650938,-16.6480327151284,2,5.88642015186346e-08,"regular",FALSE,FALSE,"-17 to -16",-16.6480327151284,-15.1037327644753,4.90413373051534,-25.1694097450755,-13.6278745772681,-26.5135389398748,-13.6027183629467,6,11.5415351678075,12.9108205769281,0.294577372259658,"Achoania_jarvikiiPsarolepis_romeri",6,"Achoa; ia_ja; vikiiPsa; olepis_"
136,91,2,13.126007,17.257004,4.130997,-16.6480327151284,2,5.88642015186346e-08,"regular",FALSE,FALSE,"-17 to -16",-16.6480327151284,-15.1037327644753,4.90413373051534,-25.1694097450755,-13.6278745772681,-26.5135389398748,-13.6027183629467,6,11.5415351678075,12.9108205769281,0.294577372259658,"Achoania_jarvikii",3,"Achoa; ia_ja; vikii"
137,91,3,13.126007,17.411056,4.285049,-16.6480327151284,2,5.88642015186346e-08,"regular",FALSE,FALSE,"-17 to -16",-16.6480327151284,-15.1037327644753,4.90413373051534,-25.1694097450755,-13.6278745772681,-26.5135389398748,-13.6027183629467,6,11.5415351678075,12.9108205769281,0.294577372259658,"Psarolepis_romeri",4,"Psa; olepis_; ome; i"
138,90,4,6.475069,6.538333,0.0632640000000002,-16.6480327151284,2,5.88642015186346e-08,"regular",FALSE,FALSE,"-17 to -16",-16.6480327151284,-15.1037327644753,4.90413373051534,-25.1694097450755,-13.6278745772681,-26.5135389398748,-13.6027183629467,6,11.5415351678075,12.9108205769281,0.294577372259658,"Guiyu_oneiros",3,"Guiyu_o; ei; os"
141,158,159,14.949413,19.923587,4.974174,-16.9299540871652,2,4.44032093632141e-08,"regular",FALSE,FALSE,"-17 to -16",-16.9299540871652,-17.1880831113382,1.32307577186039,-18.400513594018,-15.3551372490344,-18.4718971690061,-15.3350442383446,6,3.04537634498366,3.13685293066152,0.078149991727587,"Austelliscus_feroxCuneognathus_gardineriGogosardina_coatesiHowqualepis_rostridensKentuckia_hlaviniLimnomis_delayniMimipiscis_bartramiMimipiscis_toombsiMoythomasia_durgaringaOsorioichthys_marginisPaleoneiros_clackorumRaynerius_splendensTegeolepis_clarki",32,"Austelliscus_fe; oxCu; eog; athus_ga"
166,158,171,14.949413,32.102483,17.15307,-16.9299540871652,2,4.44032093632141e-08,"regular",FALSE,FALSE,"-17 to -16",-16.9299540871652,-17.1880831113382,1.32307577186039,-18.400513594018,-15.3551372490344,-18.4718971690061,-15.3350442383446,6,3.04537634498366,3.13685293066152,0.0781499917275871,"Cheirolepis_jonesiCheirolepis_trailli",5,"Chei; olepis_jo; esiChei; olepis_t"
167,171,84,32.102483,50.693843,18.59136,-16.9299540871652,2,4.44032093632141e-08,"regular",FALSE,FALSE,"-17 to -16",-16.9299540871652,-17.1880831113382,1.32307577186039,-18.400513594018,-15.3551372490344,-18.4718971690061,-15.3350442383446,6,3.04537634498366,3.13685293066152,0.0781499917275871,"Cheirolepis_jonesi",3,"Chei; olepis_jo; esi"
168,171,85,32.102483,42.375963,10.27348,-16.9299540871652,2,4.44032093632141e-08,"regular",FALSE,FALSE,"-17 to -16",-16.9299540871652,-17.1880831113382,1.32307577186039,-18.400513594018,-15.3551372490344,-18.4718971690061,-15.3350442383446,6,3.04537634498366,3.13685293066152,0.0781499917275871,"Cheirolepis_trailli",3,"Chei; olepis_t; ailli"
6,94,107,9.58103,11.256923,1.675893,-16.975608776611,2,4.24215742862682e-08,"regular",FALSE,FALSE,"-17 to -16",-16.975608776611,-15.8904633032939,3.72933731858899,-23.0795358672262,-13.7231035378074,-23.7251324320332,-13.6662657658318,6,9.35643232941882,10.0588666662014,0.219687986903143,"Cathlorhynchus_trismodipterusChirodipterus_australisChirodipterus_wildungensisDiabolepis_speratusDipnorhynchus_cathlesaeDipnorhynchus_kurikaeDipnorhynchus_sussmilchiDipterus_valenciennesiGriphognathus_sculptaGriphognathus_whiteiHolodipterus_gogoensisHolodipterus_santacrucensisIowadipterus_halliOrlovichthys_limnatisPillararhynchus_longiRhinodipterus_kimberleyensisRhinodipterus_ulrichiRhynchodipterus_elginensisRobinsondipterus_longiSpeonesydrion_ianiUranolophus_wyomingensisYoungolepis_praecursor",69,"Cathlo; hy; chus_t; ismodipte"
49,94,95,9.58103,12.346647,2.765617,-16.975608776611,2,4.24215742862682e-08,"regular",FALSE,FALSE,"-17 to -16",-16.975608776611,-15.8904633032939,3.72933731858899,-23.0795358672262,-13.7231035378074,-23.7251324320332,-13.6662657658318,6,9.35643232941882,10.0588666662014,0.219687986903143,"Arquatichthys_porosusAsperocephalus_milleriAsperocephalus_spDurialepis_edentatusGlyptolepis_paucidensHeimenia_ensisHoloptychius_bergmanniHoloptychius_giganteusHoloptychius_jarvikiLaccognathus_embryiPorolepis_brevisPowichthys_thorsteinssoniQuebecius_quebecensis",23,"A; quatichthys_po; osusAspe; ocephalus_mille"
142,159,161,19.923587,24.42901,4.505423,-16.985668981009,2,4.19969440926466e-08,"regular",FALSE,FALSE,"-17 to -16",-16.985668981009,-17.2489410955849,1.37211524949598,-18.4270852683392,-15.3551372490344,-18.4718971690061,-15.3350442383446,6,3.07194801930483,3.13685293066152,0.0807807600059839,"Cuneognathus_gardineriGogosardina_coatesiHowqualepis_rostridensKentuckia_hlaviniLimnomis_delayniMimipiscis_bartramiMimipiscis_toombsiMoythomasia_durgaringaOsorioichthys_marginisPaleoneiros_clackorumRaynerius_splendens",30,"Cu; eog; athus_ga; di"
163,159,160,19.923587,40.203957,20.28037,-16.985668981009,2,4.19969440926466e-08,"regular",FALSE,FALSE,"-17 to -16",-16.985668981009,-17.2489410955849,1.37211524949598,-18.4270852683392,-15.3551372490344,-18.4718971690061,-15.3350442383446,6,3.07194801930483,3.13685293066152,0.0807807600059838,"Austelliscus_feroxTegeolepis_clarki",3,"Austelliscus_fe; oxTegeolepis_cla; ki"
164,160,71,40.203957,44.740353,4.536396,-16.985668981009,2,4.19969440926466e-08,"regular",FALSE,FALSE,"-17 to -16",-16.985668981009,-17.2489410955849,1.37211524949598,-18.4270852683392,-15.3551372490344,-18.4718971690061,-15.3350442383446,6,3.07194801930483,3.13685293066152,0.0807807600059838,"Austelliscus_ferox",2,"Austelliscus_fe; ox"
165,160,72,40.203957,67.291297,27.08734,-16.985668981009,2,4.19969440926466e-08,"regular",FALSE,FALSE,"-17 to -16",-16.985668981009,-17.2489410955849,1.37211524949598,-18.4270852683392,-15.3551372490344,-18.4718971690061,-15.3350442383446,6,3.07194801930483,3.13685293066152,0.0807807600059838,"Tegeolepis_clarki",2,"Tegeolepis_cla; ki"
5,93,94,8.066865,9.58103,1.514165,-19.7882324570944,1,2.54729848476631e-09,"near-zero",TRUE,FALSE,"near-zero",-19.7882324570944,-20.1356109642333,2.49500609234345,-23.1085070347873,-16.5663546758716,-23.4168050295921,-16.4066484489365,6,6.54215235891573,7.01015658065552,0.12608534378971,"Arquatichthys_porosusAsperocephalus_milleriAsperocephalus_spCathlorhynchus_trismodipterusChirodipterus_australisChirodipterus_wildungensisDiabolepis_speratusDipnorhynchus_cathlesaeDipnorhynchus_kurikaeDipnorhynchus_sussmilchiDipterus_valenciennesiDurialepis_edentatusGlyptolepis_paucidensGriphognathus_sculptaGriphognathus_whiteiHeimenia_ensisHolodipterus_gogoensisHolodipterus_santacrucensisHoloptychius_bergmanniHoloptychius_giganteusHoloptychius_jarvikiIowadipterus_halliLaccognathus_embryiOrlovichthys_limnatisPillararhynchus_longiPorolepis_brevisPowichthys_thorsteinssoniQuebecius_quebecensisRhinodipterus_kimberleyensisRhinodipterus_ulrichiRhynchodipterus_elginensisRobinsondipterus_longiSpeonesydrion_ianiUranolophus_wyomingensisYoungolepis_praecursor",91,"A; quatichthys_po; osusAspe; ocephalus_mille"
74,93,128,8.066865,15.193495,7.12663,-19.7882324570944,1,2.54729848476631e-09,"near-zero",TRUE,FALSE,"near-zero",-19.7882324570944,-20.1356109642333,2.49500609234345,-23.1085070347873,-16.5663546758716,-23.4168050295921,-16.4066484489365,6,6.54215235891573,7.01015658065552,0.12608534378971,"Cryptolepis_grossiEusthenopteron_foordiEusthenopteron_jenkinsiEusthenopteron_saevesoederberghiGogonasus_andrewsaeGyroptychius_groenlandicusGyroptychius_milleriHyneria_lindaeJarvikina_wenjukowiKenichthys_campbelliKoharalepis_jarvikiLatvius_grewingkiLatvius_spLitoptychus_bryantiMedoevia_lataMegalichthys_mullisoniOsteolepis_spPanderichthys_spPlatycephalichthys_bischoffiPlatycephalichthys_skuenicusPolyplocodus_leptognathusSpodichthys_buetleriThursius_estonicusTiktaalik_roseaeTungsenia_paradoxa",51,"C; yptolepis_g; ossiEusthe; opte"
75,128,129,15.193495,18.975833,3.782338,-21.2526861952824,1,5.88946248542587e-10,"near-zero",TRUE,FALSE,"near-zero",-21.2526861952824,-20.8397579537616,1.80054006901476,-24.2093941682974,-19.7720778168629,-24.5983428249452,-19.7375196112401,6,4.4373163514345,4.86082321370516,0.0847205879045275,"Cryptolepis_grossiEusthenopteron_foordiEusthenopteron_jenkinsiEusthenopteron_saevesoederberghiGogonasus_andrewsaeGyroptychius_groenlandicusGyroptychius_milleriHyneria_lindaeJarvikina_wenjukowiKenichthys_campbelliKoharalepis_jarvikiLatvius_grewingkiLatvius_spLitoptychus_bryantiMedoevia_lataMegalichthys_mullisoniOsteolepis_spPanderichthys_spPlatycephalichthys_bischoffiPlatycephalichthys_skuenicusPolyplocodus_leptognathusSpodichthys_buetleriThursius_estonicusTiktaalik_roseae",48,"C; yptolepis_g; ossiEusthe; opte"
122,128,64,15.193495,18.92835,3.734855,-21.2526861952824,1,5.88946248542587e-10,"near-zero",TRUE,FALSE,"near-zero",-21.2526861952824,-20.8397579537616,1.80054006901476,-24.2093941682974,-19.7720778168629,-24.5983428249452,-19.7375196112401,6,4.43731635143449,4.86082321370516,0.0847205879045275,"Tungsenia_paradoxa",4,"Tu; gse; ia_pa; adoxa"
76,129,130,18.975833,21.732632,2.756799,-21.2582031150953,1,5.85706025558862e-10,"near-zero",TRUE,FALSE,"near-zero",-21.2582031150953,-20.8397579537616,1.80145117969527,-24.2135318581571,-19.7720778168629,-24.5983428249452,-19.7375196112401,6,4.44145404129415,4.86082321370516,0.0847414605054775,"Cryptolepis_grossiEusthenopteron_foordiEusthenopteron_jenkinsiEusthenopteron_saevesoederberghiGogonasus_andrewsaeGyroptychius_groenlandicusGyroptychius_milleriHyneria_lindaeJarvikina_wenjukowiKoharalepis_jarvikiLatvius_grewingkiLatvius_spLitoptychus_bryantiMedoevia_lataMegalichthys_mullisoniOsteolepis_spPanderichthys_spPlatycephalichthys_bischoffiPlatycephalichthys_skuenicusPolyplocodus_leptognathusSpodichthys_buetleriThursius_estonicusTiktaalik_roseae",47,"C; yptolepis_g; ossiEusthe; opte"
77,130,131,21.732632,25.746798,4.014166,-21.2582031150953,1,5.85706025558862e-10,"near-zero",TRUE,FALSE,"near-zero",-21.2582031150953,-20.8397579537616,1.80145117969527,-24.2135318581571,-19.7720778168629,-24.5983428249452,-19.7375196112401,6,4.44145404129415,4.86082321370516,0.0847414605054775,"Cryptolepis_grossiEusthenopteron_foordiEusthenopteron_jenkinsiEusthenopteron_saevesoederberghiGogonasus_andrewsaeGyroptychius_groenlandicusGyroptychius_milleriHyneria_lindaeJarvikina_wenjukowiKoharalepis_jarvikiLatvius_grewingkiLatvius_spLitoptychus_bryantiMedoevia_lataMegalichthys_mullisoniOsteolepis_spPanderichthys_spPlatycephalichthys_bischoffiPlatycephalichthys_skuenicusPolyplocodus_leptognathusSpodichthys_buetleriTiktaalik_roseae",45,"C; yptolepis_g; ossiEusthe; opte"
79,139,140,27.512457,30.216945,2.704488,-21.2582031150953,1,5.85706025558862e-10,"near-zero",TRUE,FALSE,"near-zero",-21.2582031150953,-20.8397579537616,1.80145117969527,-24.2135318581571,-19.7720778168629,-24.5983428249452,-19.7375196112401,6,4.44145404129415,4.86082321370516,0.0847414605054775,"Eusthenopteron_foordiEusthenopteron_jenkinsiEusthenopteron_saevesoederberghiGyroptychius_groenlandicusGyroptychius_milleriHyneria_lindaeJarvikina_wenjukowiPanderichthys_spPlatycephalichthys_bischoffiPlatycephalichthys_skuenicusPolyplocodus_leptognathusSpodichthys_buetleriTiktaalik_roseae",33,"Eusthe; opte; o; _foo"
80,140,141,30.216945,33.266729,3.049784,-21.2582031150953,1,5.85706025558862e-10,"near-zero",TRUE,FALSE,"near-zero",-21.2582031150953,-20.8397579537616,1.80145117969527,-24.2135318581571,-19.7720778168629,-24.5983428249452,-19.7375196112401,6,4.44145404129415,4.86082321370516,0.0847414605054775,"Eusthenopteron_foordiEusthenopteron_jenkinsiEusthenopteron_saevesoederberghiHyneria_lindaeJarvikina_wenjukowiPanderichthys_spPlatycephalichthys_bischoffiPlatycephalichthys_skuenicusPolyplocodus_leptognathusSpodichthys_buetleriTiktaalik_roseae",27,"Eusthe; opte; o; _foo"
101,140,151,30.216945,37.398981,7.182036,-21.2582031150953,1,5.85706025558862e-10,"near-zero",TRUE,FALSE,"near-zero",-21.2582031150953,-20.8397579537616,1.80145117969527,-24.2135318581571,-19.7720778168629,-24.5983428249452,-19.7375196112401,6,4.44145404129415,4.86082321370516,0.0847414605054775,"Gyroptychius_groenlandicusGyroptychius_milleri",7,"Gy; optychius_g; oe; la"
103,151,60,37.398981,47.696931,10.29795,-21.2582031150953,1,5.85706025558862e-10,"near-zero",TRUE,FALSE,"near-zero",-21.2582031150953,-20.8397579537616,1.80145117969527,-24.2135318581571,-19.7720778168629,-24.5983428249452,-19.7375196112401,6,4.44145404129415,4.86082321370516,0.0847414605054775,"Gyroptychius_milleri",3,"Gy; optychius_mille; i"
104,139,61,27.512457,50.092387,22.57993,-21.2582031150953,1,5.85706025558862e-10,"near-zero",TRUE,FALSE,"near-zero",-21.2582031150953,-20.8397579537616,1.80145117969527,-24.2135318581571,-19.7720778168629,-24.5983428249452,-19.7375196112401,6,4.44145404129415,4.86082321370516,0.0847414605054775,"Koharalepis_jarviki",3,"Koha; alepis_ja; viki"
105,131,132,25.746798,30.460899,4.714101,-21.2582031150953,1,5.85706025558862e-10,"near-zero",TRUE,FALSE,"near-zero",-21.2582031150953,-20.8397579537616,1.80145117969527,-24.2135318581571,-19.7720778168629,-24.5983428249452,-19.7375196112401,6,4.44145404129415,4.86082321370516,0.0847414605054775,"Cryptolepis_grossiGogonasus_andrewsaeLatvius_grewingkiLatvius_spLitoptychus_bryantiMedoevia_lataMegalichthys_mullisoniOsteolepis_sp",11,"C; yptolepis_g; ossiGogo; asus_a"
106,132,133,30.460899,41.931489,11.47059,-21.2582031150953,1,5.85706025558862e-10,"near-zero",TRUE,FALSE,"near-zero",-21.2582031150953,-20.8397579537616,1.80145117969527,-24.2135318581571,-19.7720778168629,-24.5983428249452,-19.7375196112401,6,4.44145404129416,4.86082321370516,0.0847414605054775,"Cryptolepis_grossiLatvius_grewingkiLatvius_spLitoptychus_bryantiMedoevia_lataMegalichthys_mullisoni",8,"C; yptolepis_g; ossiLatvius_g; ewi"
107,133,134,41.931489,52.368569,10.43708,-21.2582031150953,1,5.85706025558862e-10,"near-zero",TRUE,FALSE,"near-zero",-21.2582031150953,-20.8397579537616,1.80145117969527,-24.2135318581571,-19.7720778168629,-24.5983428249452,-19.7375196112401,6,4.44145404129415,4.86082321370516,0.0847414605054775,"Cryptolepis_grossiLitoptychus_bryantiMedoevia_lataMegalichthys_mullisoni",6,"C; yptolepis_g; ossiLitoptychus_b; ya"
108,134,135,52.368569,63.254959,10.88639,-21.2582031150953,1,5.85706025558862e-10,"near-zero",TRUE,FALSE,"near-zero",-21.2582031150953,-20.8397579537616,1.80145117969527,-24.2135318581571,-19.7720778168629,-24.5983428249452,-19.7375196112401,6,4.44145404129415,4.86082321370516,0.0847414605054775,"Cryptolepis_grossiLitoptychus_bryanti",5,"C; yptolepis_g; ossiLitoptychus_b; ya"
109,135,40,63.254959,67.694438,4.43947900000001,-21.2582031150953,1,5.85706025558862e-10,"near-zero",TRUE,FALSE,"near-zero",-21.2582031150953,-20.8397579537616,1.80145117969527,-24.2135318581571,-19.7720778168629,-24.5983428249452,-19.7375196112401,6,4.44145404129415,4.86082321370516,0.0847414605054775,"Cryptolepis_grossi",3,"C; yptolepis_g; ossi"
110,135,41,63.254959,67.926581,4.671622,-21.2582031150953,1,5.85706025558862e-10,"near-zero",TRUE,FALSE,"near-zero",-21.2582031150953,-20.8397579537616,1.80145117969527,-24.2135318581571,-19.7720778168629,-24.5983428249452,-19.7375196112401,6,4.44145404129415,4.86082321370516,0.0847414605054775,"Litoptychus_bryanti",3,"Litoptychus_b; ya; ti"
111,134,136,52.368569,63.280199,10.91163,-21.2582031150953,1,5.85706025558862e-10,"near-zero",TRUE,FALSE,"near-zero",-21.2582031150953,-20.8397579537616,1.80145117969527,-24.2135318581571,-19.7720778168629,-24.5983428249452,-19.7375196112401,6,4.44145404129416,4.86082321370516,0.0847414605054775,"Medoevia_lataMegalichthys_mullisoni",2,"Medoevia_lataMegalichthys_mulliso; i"
112,136,42,63.280199,68.656606,5.37640700000001,-21.2582031150953,1,5.85706025558862e-10,"near-zero",TRUE,FALSE,"near-zero",-21.2582031150953,-20.8397579537616,1.80145117969527,-24.2135318581571,-19.7720778168629,-24.5983428249452,-19.7375196112401,6,4.44145404129415,4.86082321370516,0.0847414605054775,"Medoevia_lata",1,"Medoevia_lata"
113,136,43,63.280199,67.814136,4.533937,-21.2582031150953,1,5.85706025558862e-10,"near-zero",TRUE,FALSE,"near-zero",-21.2582031150953,-20.8397579537616,1.80145117969527,-24.2135318581571,-19.7720778168629,-24.5983428249452,-19.7375196112401,6,4.44145404129415,4.86082321370516,0.0847414605054775,"Megalichthys_mullisoni",2,"Megalichthys_mulliso; i"
114,133,137,41.931489,50.27942,8.347931,-21.2582031150953,1,5.85706025558862e-10,"near-zero",TRUE,FALSE,"near-zero",-21.2582031150953,-20.8397579537616,1.80145117969527,-24.2135318581571,-19.7720778168629,-24.5983428249452,-19.7375196112401,6,4.44145404129415,4.86082321370516,0.0847414605054775,"Latvius_grewingkiLatvius_sp",3,"Latvius_g; ewi; gkiLatvius_sp"
115,137,44,50.27942,52.757292,2.477872,-21.2582031150953,1,5.85706025558862e-10,"near-zero",TRUE,FALSE,"near-zero",-21.2582031150953,-20.8397579537616,1.80145117969527,-24.2135318581571,-19.7720778168629,-24.5983428249452,-19.7375196112401,6,4.44145404129415,4.86082321370516,0.0847414605054775,"Latvius_grewingki",3,"Latvius_g; ewi; gki"
116,137,45,50.27942,53.185682,2.906262,-21.2582031150953,1,5.85706025558862e-10,"near-zero",TRUE,FALSE,"near-zero",-21.2582031150953,-20.8397579537616,1.80145117969527,-24.2135318581571,-19.7720778168629,-24.5983428249452,-19.7375196112401,6,4.44145404129415,4.86082321370516,0.0847414605054775,"Latvius_sp",1,"Latvius_sp"
117,132,138,30.460899,39.646095,9.185196,-21.2582031150953,1,5.85706025558862e-10,"near-zero",TRUE,FALSE,"near-zero",-21.2582031150953,-20.8397579537616,1.80145117969527,-24.2135318581571,-19.7720778168629,-24.5983428249452,-19.7375196112401,6,4.44145404129415,4.86082321370516,0.0847414605054775,"Gogonasus_andrewsaeOsteolepis_sp",4,"Gogo; asus_a; d; ewsaeOsteolepis_sp"
118,138,46,39.646095,53.132735,13.48664,-21.2582031150953,1,5.85706025558862e-10,"near-zero",TRUE,FALSE,"near-zero",-21.2582031150953,-20.8397579537616,1.80145117969527,-24.2135318581571,-19.7720778168629,-24.5983428249452,-19.73751961124,6,4.44145404129416,4.86082321370516,0.0847414605054775,"Gogonasus_andrewsae",4,"Gogo; asus_a; d; ewsae"
119,138,47,39.646095,42.483063,2.836968,-21.2582031150953,1,5.85706025558862e-10,"near-zero",TRUE,FALSE,"near-zero",-21.2582031150953,-20.8397579537616,1.80145117969527,-24.2135318581571,-19.7720778168629,-24.5983428249452,-19.7375196112401,6,4.44145404129415,4.86082321370516,0.0847414605054775,"Osteolepis_sp",1,"Osteolepis_sp"
120,130,62,21.732632,47.209902,25.47727,-21.2582031150953,1,5.85706025558862e-10,"near-zero",TRUE,FALSE,"near-zero",-21.2582031150953,-20.8397579537616,1.80145117969527,-24.2135318581571,-19.7720778168629,-24.5983428249452,-19.7375196112401,6,4.44145404129415,4.86082321370516,0.0847414605054775,"Thursius_estonicus",3,"Thu; sius_esto; icus"
121,129,63,18.975833,33.494733,14.5189,-21.2582031150953,1,5.85706025558862e-10,"near-zero",TRUE,FALSE,"near-zero",-21.2582031150953,-20.8397579537616,1.80145117969527,-24.2135318581571,-19.7720778168629,-24.5983428249452,-19.7375196112401,6,4.44145404129415,4.86082321370516,0.0847414605054775,"Kenichthys_campbelli",2,"Ke; ichthys_campbelli"
78,131,139,25.746798,27.512457,1.765659,-21.2582031150953,1,5.8570602555886e-10,"near-zero",TRUE,FALSE,"near-zero",-21.2582031150953,-20.8397579537616,1.80145117969526,-24.2135318581571,-19.7720778168629,-24.5983428249452,-19.7375196112401,6,4.44145404129415,4.86082321370516,0.0847414605054774,"Eusthenopteron_foordiEusthenopteron_jenkinsiEusthenopteron_saevesoederberghiGyroptychius_groenlandicusGyroptychius_milleriHyneria_lindaeJarvikina_wenjukowiKoharalepis_jarvikiPanderichthys_spPlatycephalichthys_bischoffiPlatycephalichthys_skuenicusPolyplocodus_leptognathusSpodichthys_buetleriTiktaalik_roseae",35,"Eusthe; opte; o; _foo"
102,151,59,37.398981,44.335978,6.936997,-21.2582031150953,1,5.8570602555886e-10,"near-zero",TRUE,FALSE,"near-zero",-21.2582031150953,-20.8397579537616,1.80145117969526,-24.2135318581571,-19.7720778168629,-24.5983428249452,-19.7375196112401,6,4.44145404129415,4.86082321370516,0.0847414605054774,"Gyroptychius_groenlandicus",5,"Gy; optychius_g; oe; la"
81,141,142,33.266729,36.246088,2.979359,-21.6976004799276,1,3.77443404653069e-10,"near-zero",TRUE,FALSE,"near-zero",-21.6976004799276,-21.4941287337099,1.67332131993347,-24.3202879468563,-20.0386262905382,-24.5983428249452,-20.0139852562231,6,4.28166165631815,4.58435756872208,0.077120109271136,"Eusthenopteron_foordiEusthenopteron_jenkinsiEusthenopteron_saevesoederberghiHyneria_lindaeJarvikina_wenjukowiPlatycephalichthys_bischoffiPlatycephalichthys_skuenicusPolyplocodus_leptognathusSpodichthys_buetleri",24,"Eusthe; opte; o; _foo"
82,142,143,36.246088,38.82406,2.577972,-21.6976004799276,1,3.77443404653069e-10,"near-zero",TRUE,FALSE,"near-zero",-21.6976004799276,-21.4941287337099,1.67332131993347,-24.3202879468563,-20.0386262905382,-24.5983428249452,-20.0139852562231,6,4.28166165631815,4.58435756872208,0.077120109271136,"Eusthenopteron_foordiEusthenopteron_jenkinsiEusthenopteron_saevesoederberghiHyneria_lindaeJarvikina_wenjukowiPlatycephalichthys_bischoffiPlatycephalichthys_skuenicusSpodichthys_buetleri",23,"Eusthe; opte; o; _foo"
83,143,144,38.82406,41.600684,2.776624,-21.6976004799276,1,3.77443404653069e-10,"near-zero",TRUE,FALSE,"near-zero",-21.6976004799276,-21.4941287337099,1.67332131993347,-24.3202879468563,-20.0386262905382,-24.5983428249452,-20.0139852562231,6,4.28166165631815,4.58435756872209,0.0771201092711361,"Eusthenopteron_foordiEusthenopteron_jenkinsiEusthenopteron_saevesoederberghiHyneria_lindaeJarvikina_wenjukowiPlatycephalichthys_bischoffiPlatycephalichthys_skuenicus",22,"Eusthe; opte; o; _foo"
84,144,147,41.600684,45.270784,3.6701,-21.6976004799276,1,3.77443404653069e-10,"near-zero",TRUE,FALSE,"near-zero",-21.6976004799276,-21.4941287337099,1.67332131993347,-24.3202879468563,-20.0386262905382,-24.5983428249452,-20.0139852562231,6,4.28166165631815,4.58435756872208,0.077120109271136,"Hyneria_lindaeJarvikina_wenjukowiPlatycephalichthys_bischoffiPlatycephalichthys_skuenicus",8,"Hy; e; ia_li; daeJa"
85,147,148,45.270784,48.036258,2.765474,-21.6976004799276,1,3.77443404653069e-10,"near-zero",TRUE,FALSE,"near-zero",-21.6976004799276,-21.4941287337099,1.67332131993347,-24.3202879468563,-20.0386262905382,-24.5983428249452,-20.0139852562231,6,4.28166165631815,4.58435756872208,0.077120109271136,"Hyneria_lindaePlatycephalichthys_bischoffiPlatycephalichthys_skuenicus",5,"Hy; e; ia_li; daePlatycephalichthys_bischoffiPlatycephalichthys_skue"
86,148,149,48.036258,51.167147,3.130889,-21.6976004799276,1,3.77443404653069e-10,"near-zero",TRUE,FALSE,"near-zero",-21.6976004799276,-21.4941287337099,1.67332131993347,-24.3202879468563,-20.0386262905382,-24.5983428249452,-20.0139852562231,6,4.28166165631815,4.58435756872208,0.077120109271136,"Platycephalichthys_bischoffiPlatycephalichthys_skuenicus",2,"Platycephalichthys_bischoffiPlatycephalichthys_skue; icus"
87,149,52,51.167147,53.223152,2.056005,-21.6976004799276,1,3.77443404653069e-10,"near-zero",TRUE,FALSE,"near-zero",-21.6976004799276,-21.4941287337099,1.67332131993347,-24.3202879468563,-20.0386262905382,-24.5983428249452,-20.0139852562231,6,4.28166165631815,4.58435756872208,0.077120109271136,"Platycephalichthys_bischoffi",1,"Platycephalichthys_bischoffi"
88,149,53,51.167147,65.905017,14.73787,-21.6976004799276,1,3.77443404653069e-10,"near-zero",TRUE,FALSE,"near-zero",-21.6976004799276,-21.4941287337099,1.67332131993347,-24.3202879468563,-20.0386262905382,-24.5983428249452,-20.0139852562231,6,4.28166165631815,4.58435756872208,0.077120109271136,"Platycephalichthys_skuenicus",2,"Platycephalichthys_skue; icus"
89,148,51,48.036258,67.957138,19.92088,-21.6976004799276,1,3.77443404653069e-10,"near-zero",TRUE,FALSE,"near-zero",-21.6976004799276,-21.4941287337099,1.67332131993347,-24.3202879468563,-20.0386262905382,-24.5983428249452,-20.0139852562231,6,4.28166165631815,4.58435756872208,0.077120109271136,"Hyneria_lindae",4,"Hy; e; ia_li; dae"
90,147,54,45.270784,53.240563,7.969779,-21.6976004799276,1,3.77443404653069e-10,"near-zero",TRUE,FALSE,"near-zero",-21.6976004799276,-21.4941287337099,1.67332131993347,-24.3202879468563,-20.0386262905382,-24.5983428249452,-20.0139852562231,6,4.28166165631815,4.58435756872208,0.077120109271136,"Jarvikina_wenjukowi",4,"Ja; viki; a_we; jukowi"
91,144,145,41.600684,47.205156,5.604472,-21.6976004799276,1,3.77443404653069e-10,"near-zero",TRUE,FALSE,"near-zero",-21.6976004799276,-21.4941287337099,1.67332131993347,-24.3202879468563,-20.0386262905382,-24.5983428249452,-20.0139852562231,6,4.28166165631815,4.58435756872208,0.077120109271136,"Eusthenopteron_foordiEusthenopteron_jenkinsiEusthenopteron_saevesoederberghi",15,"Eusthe; opte; o; _foo"
92,145,146,47.205156,52.822909,5.617753,-21.6976004799276,1,3.77443404653069e-10,"near-zero",TRUE,FALSE,"near-zero",-21.6976004799276,-21.4941287337099,1.67332131993347,-24.3202879468563,-20.0386262905382,-24.5983428249452,-20.0139852562231,6,4.28166165631815,4.58435756872208,0.077120109271136,"Eusthenopteron_foordiEusthenopteron_jenkinsi",10,"Eusthe; opte; o; _foo"
93,146,48,52.822909,55.830101,3.007192,-21.6976004799276,1,3.77443404653069e-10,"near-zero",TRUE,FALSE,"near-zero",-21.6976004799276,-21.4941287337099,1.67332131993347,-24.3202879468563,-20.0386262905382,-24.5983428249452,-20.0139852562231,6,4.28166165631815,4.58435756872208,0.077120109271136,"Eusthenopteron_foordi",5,"Eusthe; opte; o; _foo"
94,146,49,52.822909,56.225765,3.402856,-21.6976004799276,1,3.77443404653069e-10,"near-zero",TRUE,FALSE,"near-zero",-21.6976004799276,-21.4941287337099,1.67332131993347,-24.3202879468563,-20.0386262905382,-24.5983428249452,-20.0139852562231,6,4.28166165631815,4.58435756872209,0.0771201092711361,"Eusthenopteron_jenkinsi",6,"Eusthe; opte; o; _je"
95,145,50,47.205156,53.114771,5.909615,-21.6976004799276,1,3.77443404653069e-10,"near-zero",TRUE,FALSE,"near-zero",-21.6976004799276,-21.4941287337099,1.67332131993347,-24.3202879468563,-20.0386262905382,-24.5983428249452,-20.0139852562231,6,4.28166165631815,4.58435756872208,0.077120109271136,"Eusthenopteron_saevesoederberghi",6,"Eusthe; opte; o; _saevesoede"
96,143,55,38.82406,58.03323,19.20917,-21.6976004799276,1,3.77443404653069e-10,"near-zero",TRUE,FALSE,"near-zero",-21.6976004799276,-21.4941287337099,1.67332131993347,-24.3202879468563,-20.0386262905382,-24.5983428249452,-20.0139852562231,6,4.28166165631815,4.58435756872208,0.077120109271136,"Spodichthys_buetleri",2,"Spodichthys_buetle; i"
97,142,56,36.246088,51.934458,15.68837,-21.6976004799276,1,3.77443404653069e-10,"near-zero",TRUE,FALSE,"near-zero",-21.6976004799276,-21.4941287337099,1.67332131993347,-24.3202879468563,-20.0386262905382,-24.5983428249452,-20.0139852562231,6,4.28166165631815,4.58435756872208,0.077120109271136,"Polyplocodus_leptognathus",2,"Polyplocodus_leptog; athus"
98,141,150,33.266729,46.507679,13.24095,-21.6976004799276,1,3.77443404653069e-10,"near-zero",TRUE,FALSE,"near-zero",-21.6976004799276,-21.4941287337099,1.67332131993347,-24.3202879468563,-20.0386262905382,-24.5983428249452,-20.0139852562231,6,4.28166165631815,4.58435756872209,0.0771201092711361,"Panderichthys_spTiktaalik_roseae",4,"Pa; de; ichthys_spTiktaalik_; oseae"
99,150,57,46.507679,50.476539,3.96886,-21.6976004799276,1,3.77443404653069e-10,"near-zero",TRUE,FALSE,"near-zero",-21.6976004799276,-21.4941287337099,1.67332131993347,-24.3202879468563,-20.0386262905382,-24.5983428249452,-20.0139852562231,6,4.28166165631815,4.58435756872208,0.077120109271136,"Panderichthys_sp",3,"Pa; de; ichthys_sp"
100,150,58,46.507679,55.193967,8.686288,-21.6976004799276,1,3.77443404653069e-10,"near-zero",TRUE,FALSE,"near-zero",-21.6976004799276,-21.4941287337099,1.67332131993347,-24.3202879468563,-20.0386262905382,-24.5983428249452,-20.0139852562231,6,4.28166165631815,4.58435756872208,0.077120109271136,"Tiktaalik_roseae",2,"Tiktaalik_; oseae"
2,88,89,5.199999,5.781789,0.58179,-22.3046553697009,1,2.05689087815739e-10,"near-zero",TRUE,FALSE,"near-zero",-22.3046553697009,-24.8237937350657,5.97916741980286,-27.8089618135315,-14.0620740061564,-27.9940222240538,-13.8039680775176,6,13.7468878073751,14.1900541465362,0.268068137377504,"Achoania_jarvikiiArquatichthys_porosusAsperocephalus_milleriAsperocephalus_spCathlorhynchus_trismodipterusChirodipterus_australisChirodipterus_wildungensisCryptolepis_grossiDiabolepis_speratusDiplocercides_kayseriDipnorhynchus_cathlesaeDipnorhynchus_kurikaeDipnorhynchus_sussmilchiDipterus_valenciennesiDurialepis_edentatusEusthenopteron_foordiEusthenopteron_jenkinsiEusthenopteron_saevesoederberghiGlyptolepis_paucidensGogonasus_andrewsaeGriphognathus_sculptaGriphognathus_whiteiGuiyu_oneirosGyroptychius_groenlandicusGyroptychius_milleriHeimenia_ensisHolodipterus_gogoensisHolodipterus_santacrucensisHoloptychius_bergmanniHoloptychius_giganteusHoloptychius_jarvikiHyneria_lindaeIowadipterus_halliJarvikina_wenjukowiKenichthys_campbelliKoharalepis_jarvikiLaccognathus_embryiLatvius_grewingkiLatvius_spLitoptychus_bryantiMedoevia_lataMegalichthys_mullisoniMiguashaia_grossiNgamugawi_wirngarriOnychodus_jandemarraiOrlovichthys_limnatisOsteolepis_spPanderichthys_spPillararhynchus_longiPlatycephalichthys_bischoffiPlatycephalichthys_skuenicusPolyplocodus_leptognathusPorolepis_brevisPowichthys_thorsteinssoniPsarolepis_romeriQuebecius_quebecensisRhinodipterus_kimberleyensisRhinodipterus_ulrichiRhynchodipterus_elginensisRobinsondipterus_longiSpeonesydrion_ianiSpodichthys_buetleriStrunius_rolandiStyloichthys_changaeThursius_estonicusTiktaalik_roseaeTungsenia_paradoxaUranolophus_wyomingensisYoungolepis_praecursor",161,"Achoa; ia_ja; vikiiA; quatichthys_po"
139,88,157,5.199999,9.850334,4.650335,-22.3046553697009,1,2.05689087815739e-10,"near-zero",TRUE,FALSE,"near-zero",-22.3046553697009,-24.8237937350657,5.97916741980286,-27.8089618135315,-14.0620740061564,-27.9940222240538,-13.8039680775176,6,13.7468878073751,14.1900541465362,0.268068137377504,"Austelliscus_feroxCheirolepis_jonesiCheirolepis_trailliCuneognathus_gardineriGogosardina_coatesiHowqualepis_rostridensKentuckia_hlaviniLimnomis_delayniMeemannia_eosMimipiscis_bartramiMimipiscis_toombsiMoythomasia_durgaringaOsorioichthys_marginisPaleoneiros_clackorumRaynerius_splendensTegeolepis_clarki",37,"Austelliscus_fe; oxChei; olepis_jo; esiChei"
1,87,88,0,5.199999,5.199999,-24.203543031826,1,3.07988725596251e-11,"near-zero",TRUE,FALSE,"near-zero",-24.203543031826,-25.5461257805652,4.31794495441435,-27.8089618135315,-16.854292313208,-27.9940222240538,-15.8688155066278,6,10.9546695003235,12.125206717426,0.178401358377017,"Achoania_jarvikiiArquatichthys_porosusAsperocephalus_milleriAsperocephalus_spAustelliscus_feroxCathlorhynchus_trismodipterusCheirolepis_jonesiCheirolepis_trailliChirodipterus_australisChirodipterus_wildungensisCryptolepis_grossiCuneognathus_gardineriDiabolepis_speratusDiplocercides_kayseriDipnorhynchus_cathlesaeDipnorhynchus_kurikaeDipnorhynchus_sussmilchiDipterus_valenciennesiDurialepis_edentatusEusthenopteron_foordiEusthenopteron_jenkinsiEusthenopteron_saevesoederberghiGlyptolepis_paucidensGogonasus_andrewsaeGogosardina_coatesiGriphognathus_sculptaGriphognathus_whiteiGuiyu_oneirosGyroptychius_groenlandicusGyroptychius_milleriHeimenia_ensisHolodipterus_gogoensisHolodipterus_santacrucensisHoloptychius_bergmanniHoloptychius_giganteusHoloptychius_jarvikiHowqualepis_rostridensHyneria_lindaeIowadipterus_halliJarvikina_wenjukowiKenichthys_campbelliKentuckia_hlaviniKoharalepis_jarvikiLaccognathus_embryiLatvius_grewingkiLatvius_spLimnomis_delayniLitoptychus_bryantiMedoevia_lataMeemannia_eosMegalichthys_mullisoniMiguashaia_grossiMimipiscis_bartramiMimipiscis_toombsiMoythomasia_durgaringaNgamugawi_wirngarriOnychodus_jandemarraiOrlovichthys_limnatisOsorioichthys_marginisOsteolepis_spPaleoneiros_clackorumPanderichthys_spPillararhynchus_longiPlatycephalichthys_bischoffiPlatycephalichthys_skuenicusPolyplocodus_leptognathusPorolepis_brevisPowichthys_thorsteinssoniPsarolepis_romeriQuebecius_quebecensisRaynerius_splendensRhinodipterus_kimberleyensisRhinodipterus_ulrichiRhynchodipterus_elginensisRobinsondipterus_longiSpeonesydrion_ianiSpodichthys_buetleriStrunius_rolandiStyloichthys_changaeTegeolepis_clarkiThursius_estonicusTiktaalik_roseaeTungsenia_paradoxaUranolophus_wyomingensisYoungolepis_praecursor",197,"Achoa; ia_ja; vikiiA; quatichthys_po"
170,87,1,0,6.609912,6.609912,-24.203543031826,1,3.07988725596251e-11,"near-zero",TRUE,FALSE,"near-zero",-24.203543031826,-25.5461257805652,4.31794495441435,-27.8089618135315,-16.854292313208,-27.9940222240538,-15.8688155066278,6,10.9546695003235,12.1252067174261,0.178401358377018,"Megamastax_amblyodus",1,"Megamastax_amblyodus"
